CREATE DATABASE  IF NOT EXISTS `artist_and_albums` /*!40100 DEFAULT CHARACTER SET utf8mb4 COLLATE utf8mb4_0900_ai_ci */ /*!80016 DEFAULT ENCRYPTION='N' */;
USE `artist_and_albums`;
-- MySQL dump 10.13  Distrib 8.0.34, for Win64 (x86_64)
--
-- Host: localhost    Database: artist_and_albums
-- ------------------------------------------------------
-- Server version	8.0.35

/*!40101 SET @OLD_CHARACTER_SET_CLIENT=@@CHARACTER_SET_CLIENT */;
/*!40101 SET @OLD_CHARACTER_SET_RESULTS=@@CHARACTER_SET_RESULTS */;
/*!40101 SET @OLD_COLLATION_CONNECTION=@@COLLATION_CONNECTION */;
/*!50503 SET NAMES utf8 */;
/*!40103 SET @OLD_TIME_ZONE=@@TIME_ZONE */;
/*!40103 SET TIME_ZONE='+00:00' */;
/*!40014 SET @OLD_UNIQUE_CHECKS=@@UNIQUE_CHECKS, UNIQUE_CHECKS=0 */;
/*!40014 SET @OLD_FOREIGN_KEY_CHECKS=@@FOREIGN_KEY_CHECKS, FOREIGN_KEY_CHECKS=0 */;
/*!40101 SET @OLD_SQL_MODE=@@SQL_MODE, SQL_MODE='NO_AUTO_VALUE_ON_ZERO' */;
/*!40111 SET @OLD_SQL_NOTES=@@SQL_NOTES, SQL_NOTES=0 */;

--
-- Table structure for table `album`
--

DROP TABLE IF EXISTS `album`;
/*!40101 SET @saved_cs_client     = @@character_set_client */;
/*!50503 SET character_set_client = utf8mb4 */;
CREATE TABLE `album` (
  `album_id` bigint NOT NULL AUTO_INCREMENT,
  `album_name` varchar(255) DEFAULT NULL,
  `artist_name` varchar(255) DEFAULT NULL,
  `fk_artist_id` bigint DEFAULT NULL,
  PRIMARY KEY (`album_id`),
  KEY `FK6ipch9dg9ovq6j90g4eb56xnl` (`fk_artist_id`),
  CONSTRAINT `FK6ipch9dg9ovq6j90g4eb56xnl` FOREIGN KEY (`fk_artist_id`) REFERENCES `artist` (`artist_id`) ON DELETE CASCADE
) ENGINE=InnoDB AUTO_INCREMENT=78 DEFAULT CHARSET=utf8mb4 COLLATE=utf8mb4_0900_ai_ci;
/*!40101 SET character_set_client = @saved_cs_client */;

--
-- Dumping data for table `album`
--

LOCK TABLES `album` WRITE;
/*!40000 ALTER TABLE `album` DISABLE KEYS */;
INSERT INTO `album` VALUES (1,'100% Dance Hits','100% Dance Hits',1),(2,'The Very Best Of','10cc',2),(3,'Cookies','1990\'s',3),(4,'Kicks','1990\'s',3),(5,'Hits Unlimited','2 Unlimited',4),(6,'The Very Best Of 2 Unlimited','2 Unlimited',4),(7,'Greatest Hits','2Pac',5),(8,'Me Against The World','2Pac',5),(9,'The Instrumentals','2Pac',5),(10,'30 Seconds To Mars','30 Seconds To Mars',6),(11,'A Beautiful Lie','30 Seconds To Mars',6),(12,'It’s The End Of The World But It’s A Beautiful Day','30 Seconds To Mars',6),(13,'This Is War','30 Seconds To Mars',6),(14,'3am Party','3am Party',7),(15,'Want','3OH!3',8),(16,'Creating Patterns','4 Hero',9),(17,'Parallel Universe','4 Hero',9),(18,'The Remix Album','4 Hero',9),(19,'Bigger, Better, Faster, More','4 Non Blondes',10),(20,'5 Seconds of Summer','5 Seconds of Summer',11),(21,'Dont Stop [EP]','5 Seconds of Summer',11),(22,'She Looks So Perfect [EP]','5 Seconds of Summer',11),(23,'Sounds Good Feels Good','5 Seconds of Summer',11),(24,'7 Seconds','7 Seconds',12),(25,'Good to Go','7 Seconds',12),(26,'Live! One Plus One','7 Seconds',12),(27,'New Wind','7 Seconds',12),(28,'Ourselves','7 Seconds',12),(29,'Out The Shizzy','7 Seconds',12),(30,'Scream Real Loud...Live!','7 Seconds',12),(31,'Soulforce Revolution','7 Seconds',12),(32,'Take It Back, Take It On, Take It Over','7 Seconds',12),(33,'The Better Youth Years','7 Seconds',12),(34,'The Crew','7 Seconds',12),(35,'The Music, The Message','7 Seconds',12),(36,'Walk Together, Rock Together','7 Seconds',12),(37,'70s Essential Collection','70\'s Collection',13),(38,'70s Grooves','70\'s Collection',13),(39,'70s Hits','70\'s Collection',13),(40,'70s Ultimate Collection','70\'s Collection',13),(41,'70s Disco Fever','70\'s Collection',13),(42,'13','Blur',14),(43,'Blur','Blur',14),(44,'Leisure','Blur',14),(45,'Modern Life Is Rubbish','Blur',14),(46,'Parklife','Blur',14),(47,'Singles','Blur',14),(48,'The Best of Blur','Blur',14),(49,'The Great Escape','Blur',14),(50,'The Magic Whip','Blur',14),(51,'The Special Collectors Edition','Blur',14),(52,'Think Tank','Blur',14),(53,'A Head Full Of Dreams','Coldplay',15),(54,'A Rush Of Blood To The Head','Coldplay',15),(55,'Everyday Life','Coldplay',15),(56,'Ghost Stories','Coldplay',15),(57,'Live at Glastonbury 2002','Coldplay',15),(58,'Music Of The Spheres','Coldplay',15),(59,'Mylo Xyloto','Coldplay',15),(60,'Parachutes','Coldplay',15),(61,'Prospekts March','Coldplay',15),(62,'Singles','Coldplay',15),(63,'Viva La Vida Or Death And All His Friends','Coldplay',15),(64,'Without Parachutes [B-Sides]','Coldplay',15),(65,'X&Y','Coldplay',15),(66,'Be Here Now','Oasis',16),(67,'Definitely Maybe','Oasis',16),(68,'Dig Out Your Soul','Oasis',16),(69,'Dont Believe the Truth','Oasis',16),(70,'EPs','Oasis',16),(71,'Familiar to Millions','Oasis',16),(72,'Heathen Chemistry','Oasis',16),(73,'Standing on the Shoulder of Giants','Oasis',16),(74,'Stop the Clocks','Oasis',16),(75,'The Masterplan','Oasis',16),(76,'Time Flies...1994-2009','Oasis',16),(77,'Whats the Story Morning Glory','Oasis',16);
/*!40000 ALTER TABLE `album` ENABLE KEYS */;
UNLOCK TABLES;

--
-- Table structure for table `artist`
--

DROP TABLE IF EXISTS `artist`;
/*!40101 SET @saved_cs_client     = @@character_set_client */;
/*!50503 SET character_set_client = utf8mb4 */;
CREATE TABLE `artist` (
  `artist_id` bigint NOT NULL AUTO_INCREMENT,
  `artist_name` varchar(255) DEFAULT NULL,
  PRIMARY KEY (`artist_id`)
) ENGINE=InnoDB AUTO_INCREMENT=17 DEFAULT CHARSET=utf8mb4 COLLATE=utf8mb4_0900_ai_ci;
/*!40101 SET character_set_client = @saved_cs_client */;

--
-- Dumping data for table `artist`
--

LOCK TABLES `artist` WRITE;
/*!40000 ALTER TABLE `artist` DISABLE KEYS */;
INSERT INTO `artist` VALUES (1,'100% Dance Hits'),(2,'10cc'),(3,'1990\'s'),(4,'2 Unlimited'),(5,'2Pac'),(6,'30 Seconds To Mars'),(7,'3am Party'),(8,'3OH!3'),(9,'4 Hero'),(10,'4 Non Blondes'),(11,'5 Seconds of Summer'),(12,'7 Seconds'),(13,'70\'s Collection'),(14,'Blur'),(15,'Coldplay'),(16,'Oasis');
/*!40000 ALTER TABLE `artist` ENABLE KEYS */;
UNLOCK TABLES;

--
-- Table structure for table `track`
--

DROP TABLE IF EXISTS `track`;
/*!40101 SET @saved_cs_client     = @@character_set_client */;
/*!50503 SET character_set_client = utf8mb4 */;
CREATE TABLE `track` (
  `track_id` bigint NOT NULL AUTO_INCREMENT,
  `album_name` varchar(255) DEFAULT NULL,
  `artist_name` varchar(255) DEFAULT NULL,
  `bit_rate` varchar(255) DEFAULT NULL,
  `file_format` varchar(255) DEFAULT NULL,
  `genre` varchar(255) DEFAULT NULL,
  `is_variable_bit_rate` bit(1) NOT NULL,
  `record_label` varchar(255) DEFAULT NULL,
  `release_year` varchar(255) DEFAULT NULL,
  `title` varchar(255) DEFAULT NULL,
  `track_length` varchar(255) DEFAULT NULL,
  `track_number` varchar(255) DEFAULT NULL,
  `fk_album_id` bigint DEFAULT NULL,
  PRIMARY KEY (`track_id`),
  KEY `FKsdhtg27aig5m1jq0jmuoxdcj0` (`fk_album_id`),
  CONSTRAINT `FKsdhtg27aig5m1jq0jmuoxdcj0` FOREIGN KEY (`fk_album_id`) REFERENCES `album` (`album_id`) ON DELETE CASCADE
) ENGINE=InnoDB AUTO_INCREMENT=1175 DEFAULT CHARSET=utf8mb4 COLLATE=utf8mb4_0900_ai_ci;
/*!40101 SET character_set_client = @saved_cs_client */;

--
-- Dumping data for table `track`
--

LOCK TABLES `track` WRITE;
/*!40000 ALTER TABLE `track` DISABLE KEYS */;
INSERT INTO `track` VALUES (1,'100% Dance Hits','100% Dance Hits','192','Wma','',_binary '\0','','','','4.27','1',1),(2,'100% Dance Hits','100% Dance Hits','192','Wma','Electronica',_binary '\0','','2004','Twilight  Zone','3.27','2',1),(3,'100% Dance Hits','100% Dance Hits','192','Wma','Electronica',_binary '\0','','2004','Get Ready','3.94','3',1),(4,'100% Dance Hits','100% Dance Hits','192','Wma','Electronica',_binary '\0','','2004','Workaholic','3.62','4',1),(5,'100% Dance Hits','100% Dance Hits','192','Wma','Electronica',_binary '\0','','2004','Tribal Dance','3.63','5',1),(6,'100% Dance Hits','100% Dance Hits','192','Wma','Electronica',_binary '\0','','2004','Real Thing','3.83','6',1),(7,'100% Dance Hits','100% Dance Hits','192','Wma','Electronica',_binary '\0','','2004','Let The Beat Control Your Body','3.32','7',1),(8,'100% Dance Hits','100% Dance Hits','192','Wma','Electronica',_binary '\0','','2004','Magic Friend','4.25','8',1),(9,'100% Dance Hits','100% Dance Hits','192','Wma','Electronica',_binary '\0','','2004','Maximum Overdrive','2.74','9',1),(10,'100% Dance Hits','100% Dance Hits','192','Wma','Electronica',_binary '\0','','2004','Do What\'s Good for Me','4.01','10',1),(11,'100% Dance Hits','100% Dance Hits','192','Wma','Electronica',_binary '\0','','2004','Wanna Get Up','3.32','11',1),(12,'100% Dance Hits','100% Dance Hits','192','Wma','Electronica',_binary '\0','','2004','Here I Go','4.01','12',1),(13,'100% Dance Hits','100% Dance Hits','192','Wma','Electronica',_binary '\0','','2004','Faces','3.18','13',1),(14,'100% Dance Hits','100% Dance Hits','192','Wma','Electronica',_binary '\0','','2004','No One','4.11','14',1),(15,'100% Dance Hits','100% Dance Hits','192','Wma','Electronica',_binary '\0','','2004','Edge of Heaven','3.41','15',1),(16,'100% Dance Hits','100% Dance Hits','192','Wma','Electronica',_binary '\0','','2004','No Limit [2003 Version]','4.59','16',1),(17,'100% Dance Hits','100% Dance Hits','192','Wma','Electronica',_binary '\0','','2004','Twilight Zone [Rave Version]','3.44','17',1),(18,'100% Dance Hits','100% Dance Hits','192','Wma','Electronica',_binary '\0','','2004','Get Ready for This [Orchestra Mix]','3.98','18',1),(19,'100% Dance Hits','100% Dance Hits','192','Wma','Electronica',_binary '\0','','2004','Workaholic [Extended Mix]','4.02','19',1),(20,'100% Dance Hits','100% Dance Hits','192','Wma','Electronica',_binary '\0','','2004','','3.52','20',1),(21,'100% Dance Hits','100% Dance Hits','192','Wma','Electronica',_binary '\0','','2004','','3.67','21',1),(22,'The Very Best Of','10cc','320','Mp3','Rock',_binary '\0','Mercury','1997','Donna','2.99','1',2),(23,'The Very Best Of','10cc','320','Mp3','Rock',_binary '\0','Mercury','1997','Rubber Bullets','4.77','2',2),(24,'The Very Best Of','10cc','320','Mp3','Rock',_binary '\0','Mercury','1997','The Dean and I','2.90','3',2),(25,'The Very Best Of','10cc','320','Mp3','Rock',_binary '\0','Mercury','1997','The Wall Street Shuffle','3.91','4',2),(26,'The Very Best Of','10cc','320','Mp3','Rock',_binary '\0','Mercury','1997','Silly Love','3.31','5',2),(27,'The Very Best Of','10cc','320','Mp3','Rock',_binary '\0','Mercury','1997','Life Is a Minestrone','4.50','6',2),(28,'The Very Best Of','10cc','320','Mp3','Rock',_binary '\0','Mercury','1997','Une Nuit a Paris, Pt. 1: One Night in Paris/Pt. 2: The Same Night in Paris','8.69','7',2),(29,'The Very Best Of','10cc','320','Mp3','Rock',_binary '\0','Mercury','1997','I\'m Not in Love','6.08','8',2),(30,'The Very Best Of','10cc','320','Mp3','Rock',_binary '\0','Mercury','1997','Art for Art\'s Sake','4.37','9',2),(31,'The Very Best Of','10cc','320','Mp3','Rock',_binary '\0','Mercury','1997','I\'m Mandy, Fly Me','5.42','10',2),(32,'The Very Best Of','10cc','320','Mp3','Rock',_binary '\0','Mercury','1997','The Things We Do for Love','3.52','11',2),(33,'The Very Best Of','10cc','320','Mp3','Rock',_binary '\0','Mercury','1997','Good Morning Judge','2.92','12',2),(34,'The Very Best Of','10cc','320','Mp3','Rock',_binary '\0','Mercury','1997','Dreadlock Holiday','4.50','13',2),(35,'The Very Best Of','10cc','320','Mp3','Rock',_binary '\0','Mercury','1997','People in Love','3.79','14',2),(36,'The Very Best Of','10cc','320','Mp3','Rock',_binary '\0','Mercury','1997','Under Your Thumb','3.72','15',2),(37,'The Very Best Of','10cc','320','Mp3','Rock',_binary '\0','Mercury','1997','Wedding Bells','3.44','16',2),(38,'The Very Best Of','10cc','320','Mp3','Rock',_binary '\0','Mercury','1997','Cry','3.97','17',2),(39,'The Very Best Of','10cc','320','Mp3','Rock',_binary '\0','Mercury','1997','Neanderthal Man','4.22','18',2),(40,'Cookies','1990\'s','~229','Mp3','Indie Rock',_binary '','Rough Trade Records','2007-05-07','You Made Me Like it','3.18','01',3),(41,'Cookies','1990\'s','~252','Mp3','Indie Rock',_binary '','Rough Trade Records','2007-05-07','See You at the Lights','2.92','02',3),(42,'Cookies','1990\'s','~214','Mp3','Indie Rock',_binary '','Rough Trade Records','2007-05-07','Cult Status','2.94','03',3),(43,'Cookies','1990\'s','~232','Mp3','Indie Rock',_binary '','Rough Trade Records','2007-05-07','Arcade Precinct','3.23','04',3),(44,'Cookies','1990\'s','~186','Mp3','Indie Rock',_binary '','Rough Trade Records','2007-05-07','Switch','2.16','05',3),(45,'Cookies','1990\'s','~216','Mp3','Indie Rock',_binary '','Rough Trade Records','2007-05-07','Enjoying Myself','2.48','06',3),(46,'Cookies','1990\'s','~198','Mp3','Indie Rock',_binary '','Rough Trade Records','2007-05-07','You\'re Supposed to Be My Friend','3.65','07',3),(47,'Cookies','1990\'s','~188','Mp3','Indie Rock',_binary '','Rough Trade Records','2007-05-07','Pollokshields','2.40','08',3),(48,'Cookies','1990\'s','~210','Mp3','Indie Rock',_binary '','Rough Trade Records','2007-05-07','Risque Pictures','3.22','09',3),(49,'Cookies','1990\'s','~185','Mp3','Indie Rock',_binary '','Rough Trade Records','2007-05-07','Weed','3.45','10',3),(50,'Cookies','1990\'s','~227','Mp3','Indie Rock',_binary '','Rough Trade Records','2007-05-07','Thinking of Not Going','2.04','11',3),(51,'Cookies','1990\'s','~204','Mp3','Indie Rock',_binary '','Rough Trade Records','2007-05-07','Situation','5.13','12',3),(52,'Kicks','1990\'s','~230','Mp3','Indie',_binary '','Rough Trade','2009-03-23','Vondelpark','3.81','1',4),(53,'Kicks','1990\'s','~219','Mp3','Indie',_binary '','Rough Trade','2009-03-23','Tell Me When You\'re Ready','2.71','2',4),(54,'Kicks','1990\'s','~235','Mp3','Indie',_binary '','Rough Trade','2009-03-23','I Don\'t Even Know What That Is','2.90','3',4),(55,'Kicks','1990\'s','~217','Mp3','Indie',_binary '','Rough Trade','2009-03-23','59','3.86','4',4),(56,'Kicks','1990\'s','~226','Mp3','Indie',_binary '','Rough Trade','2009-03-23','Kickstrasse','2.92','5',4),(57,'Kicks','1990\'s','~219','Mp3','Indie',_binary '','Rough Trade','2009-03-23','Everybody Please Relax','3.41','6',4),(58,'Kicks','1990\'s','~228','Mp3','Indie',_binary '','Rough Trade','2009-03-23','Balthazar','3.96','7',4),(59,'Kicks','1990\'s','~203','Mp3','Indie',_binary '','Rough Trade','2009-03-23','Local Science','3.58','8',4),(60,'Kicks','1990\'s','~213','Mp3','Indie',_binary '','Rough Trade','2009-03-23','The Box','4.13','9',4),(61,'Kicks','1990\'s','~224','Mp3','Indie',_binary '','Rough Trade','2009-03-23','Giddy Up','2.71','10',4),(62,'Kicks','1990\'s','~211','Mp3','Indie',_binary '','Rough Trade','2009-03-23','The Kids','2.58','11',4),(63,'Kicks','1990\'s','~215','Mp3','Indie',_binary '','Rough Trade','2009-03-23','Sparks','3.50','12',4),(64,'Hits Unlimited','2 Unlimited','320','Mp3','Other',_binary '\0','','2003','01 - Do What\'s Good For Me','3.85','',5),(65,'Hits Unlimited','2 Unlimited','320','Mp3','Other',_binary '\0','','2003','02 - No Limit','3.55','',5),(66,'Hits Unlimited','2 Unlimited','320','Mp3','Other',_binary '\0','','2003','03 - Get Ready For This','3.74','',5),(67,'Hits Unlimited','2 Unlimited','320','Mp3','Other',_binary '\0','','2003','04 - Twilight Zone','4.21','',5),(68,'Hits Unlimited','2 Unlimited','320','Mp3','Other',_binary '\0','','2003','05 - No One','3.48','',5),(69,'Hits Unlimited','2 Unlimited','320','Mp3','Other',_binary '\0','','2003','06 - Jump For Joy','3.75','',5),(70,'Hits Unlimited','2 Unlimited','320','Mp3','Other',_binary '\0','','2003','07 - Tribal Dance','3.71','',5),(71,'Hits Unlimited','2 Unlimited','320','Mp3','Other',_binary '\0','','2003','08 - The Magic Friend','3.78','',5),(72,'Hits Unlimited','2 Unlimited','320','Mp3','Other',_binary '\0','','2003','09 - Workaholic','3.61','',5),(73,'Hits Unlimited','2 Unlimited','320','Mp3','Other',_binary '\0','','2003','10 - Let The Beat Control Your','3.67','',5),(74,'Hits Unlimited','2 Unlimited','320','Mp3','Other',_binary '\0','','2003','11 - Nothing Like The Rain','4.04','',5),(75,'Hits Unlimited','2 Unlimited','320','Mp3','Other',_binary '\0','','2003','12 - Spread Your Love','4.75','',5),(76,'Hits Unlimited','2 Unlimited','320','Mp3','Other',_binary '\0','','2003','13 - The Real Thing','3.70','',5),(77,'Hits Unlimited','2 Unlimited','320','Mp3','Other',_binary '\0','','2003','14 - Here I Go','3.31','',5),(78,'Hits Unlimited','2 Unlimited','320','Mp3','Other',_binary '\0','','2003','15 - Maximum Overdrive','3.73','',5),(79,'Hits Unlimited','2 Unlimited','320','Mp3','Other',_binary '\0','','2003','16 - Faces','3.56','',5),(80,'The Very Best Of 2 Unlimited','2 Unlimited','32','Mp3','Dance',_binary '\0','','2006','Do What\'s Good For Me','27.04','1',6),(81,'The Very Best Of 2 Unlimited','2 Unlimited','32','Mp3','Dance',_binary '\0','','2006','No Limit','24.78','2',6),(82,'The Very Best Of 2 Unlimited','2 Unlimited','32','Mp3','Dance',_binary '\0','','2006','Get Ready For This','26.12','3',6),(83,'The Very Best Of 2 Unlimited','2 Unlimited','32','Mp3','Dance',_binary '\0','','2006','Twilight Zone','29.53','4',6),(84,'The Very Best Of 2 Unlimited','2 Unlimited','32','Mp3','Dance',_binary '\0','','2006','No One','24.37','5',6),(85,'The Very Best Of 2 Unlimited','2 Unlimited','32','Mp3','Dance',_binary '\0','','2006','Jump For Joy','26.17','6',6),(86,'The Very Best Of 2 Unlimited','2 Unlimited','32','Mp3','Dance',_binary '\0','','2006','Tribal Dance','25.91','7',6),(87,'The Very Best Of 2 Unlimited','2 Unlimited','32','Mp3','Dance',_binary '\0','','2006','Magic Friend','26.59','8',6),(88,'The Very Best Of 2 Unlimited','2 Unlimited','32','Mp3','Dance',_binary '\0','','2006','Workaholic','25.16','9',6),(89,'The Very Best Of 2 Unlimited','2 Unlimited','32','Mp3','Dance',_binary '\0','','2006','Let The Beat Control Your Body','25.68','10',6),(90,'The Very Best Of 2 Unlimited','2 Unlimited','32','Mp3','Dance',_binary '\0','','2006','Nothing Like The Rain','28.25','11',6),(91,'The Very Best Of 2 Unlimited','2 Unlimited','32','Mp3','Dance',_binary '\0','','2006','Spread Your Love','33.41','12',6),(92,'The Very Best Of 2 Unlimited','2 Unlimited','32','Mp3','Dance',_binary '\0','','2006','The Real Thing','25.78','13',6),(93,'The Very Best Of 2 Unlimited','2 Unlimited','32','Mp3','Dance',_binary '\0','','2006','Here I Go','23.14','14',6),(94,'The Very Best Of 2 Unlimited','2 Unlimited','32','Mp3','Dance',_binary '\0','','2006','Maximum Overdrive','26.03','15',6),(95,'The Very Best Of 2 Unlimited','2 Unlimited','32','Mp3','Dance',_binary '\0','','2006','Faces','24.87','16',6),(96,'Greatest Hits','2Pac','320','Mp3','Gangsta Rap',_binary '\0','','1998','Keep Ya Head Up','4.41','01',7),(97,'Greatest Hits','2Pac','320','Mp3','Gangsta Rap',_binary '\0','','1998','2 Of Amerikaz Most Wanted','4.12','02',7),(98,'Greatest Hits','2Pac','320','Mp3','Gangsta Rap',_binary '\0','','1998','Temptations','5.02','03',7),(99,'Greatest Hits','2Pac','320','Mp3','Gangsta Rap',_binary '\0','','1998','God Bless The Dead','4.40','04',7),(100,'Greatest Hits','2Pac','320','Mp3','Gangsta Rap',_binary '\0','','1998','Hail Mary','5.21','05',7),(101,'Greatest Hits','2Pac','320','Mp3','Gangsta Rap',_binary '\0','','1998','Me Against The World','4.65','06',7),(102,'Greatest Hits','2Pac','320','Mp3','Gangsta Rap',_binary '\0','','1998','How Do U Want It','4.81','07',7),(103,'Greatest Hits','2Pac','320','Mp3','Gangsta Rap',_binary '\0','','1998','So Many Tears','3.98','08',7),(104,'Greatest Hits','2Pac','320','Mp3','Gangsta Rap',_binary '\0','','1998','Unconditional Love','3.99','09',7),(105,'Greatest Hits','2Pac','320','Mp3','Gangsta Rap',_binary '\0','','1998','Trapped','4.76','10',7),(106,'Greatest Hits','2Pac','320','Mp3','Gangsta Rap',_binary '\0','','1998','Life Goes On','5.05','11',7),(107,'Greatest Hits','2Pac','320','Mp3','Gangsta Rap',_binary '\0','','1998','Hit \'Em Up','5.21','12',7),(108,'Greatest Hits','2Pac','320','Mp3','Hip-Hop',_binary '\0','','1998','Troublesome \'96','4.62','01',7),(109,'Greatest Hits','2Pac','320','Mp3','Hip-Hop',_binary '\0','','1998','Brenda\'s Got A Baby','3.90','02',7),(110,'Greatest Hits','2Pac','320','Mp3','Hip-Hop',_binary '\0','','1998','I Ain\'t Mad At Cha (feat. Danny Boy)','4.91','03',7),(111,'Greatest Hits','2Pac','320','Mp3','Hip-Hop',_binary '\0','','1998','I Get Around (feat. Digital Underground)','4.33','04',7),(112,'Greatest Hits','2Pac','320','Mp3','Hip-Hop',_binary '\0','','1998','Changes','4.49','05',7),(113,'Greatest Hits','2Pac','320','Mp3','Hip-Hop',_binary '\0','','1998','California Love (original version) (feat. Dr. Dre & Roger Troutman)','4.75','06',7),(114,'Greatest Hits','2Pac','320','Mp3','Hip-Hop',_binary '\0','','1998','Picture Me Rollin\' (feat. Danny Boy, Big Syke & CPO)','5.26','07',7),(115,'Greatest Hits','2Pac','320','Mp3','Hip-Hop',_binary '\0','','1998','How Long Will They Mourn Me? (feat. Nate Dogg)','3.88','08',7),(116,'Greatest Hits','2Pac','320','Mp3','Hip-Hop',_binary '\0','','1998','Toss It Up (feat. KC-i and Jojo & Danny Boy)','4.73','09',7),(117,'Greatest Hits','2Pac','320','Mp3','Hip-Hop',_binary '\0','','1998','Dear Mama','4.67','10',7),(118,'Greatest Hits','2Pac','320','Mp3','Hip-Hop',_binary '\0','','1998','All About U (feat. Top Dogg, Nate Dogg & Dru Down)','4.56','11',7),(119,'Greatest Hits','2Pac','320','Mp3','Hip-Hop',_binary '\0','','1998','To Live & Die In L.A. (feat. Val Young)','4.56','12',7),(120,'Greatest Hits','2Pac','320','Mp3','Hip-Hop',_binary '\0','','1998','Heartz Of Men','4.69','13',7),(121,'Me Against The World','2Pac','320','Mp3','Rap',_binary '\0','','1995','Intro','1.77','',8),(122,'Me Against The World','2Pac','320','Mp3','Rap',_binary '\0','','1995','If I Die 2Nite','3.95','',8),(123,'Me Against The World','2Pac','320','Mp3','Rap',_binary '\0','','1995','Me Against The World','4.69','',8),(124,'Me Against The World','2Pac','320','Mp3','Rap',_binary '\0','','1995','So Many Tears','3.99','',8),(125,'Me Against The World','2Pac','320','Mp3','Rap',_binary '\0','','1995','Temptations','5.01','',8),(126,'Me Against The World','2Pac','320','Mp3','Rap',_binary '\0','','1995','Young Niggaz','4.90','',8),(127,'Me Against The World','2Pac','320','Mp3','Rap',_binary '\0','','1995','Heavy In The Game','4.40','',8),(128,'Me Against The World','2Pac','320','Mp3','Rap',_binary '\0','','1995','Lord Knows','4.53','',8),(129,'Me Against The World','2Pac','320','Mp3','Rap',_binary '\0','','1995','Dear Mama','4.67','',8),(130,'Me Against The World','2Pac','320','Mp3','Rap',_binary '\0','','1995','It Aint Easy','4.90','',8),(131,'Me Against The World','2Pac','320','Mp3','Rap',_binary '\0','','1995','Can You Get Away','5.77','',8),(132,'Me Against The World','2Pac','320','Mp3','Rap',_binary '\0','','1995','Old School','4.68','',8),(133,'Me Against The World','2Pac','320','Mp3','Rap',_binary '\0','','1995','Fuck The World','4.23','',8),(134,'Me Against The World','2Pac','320','Mp3','Rap',_binary '\0','','1995','Death Around The Corner','4.12','',8),(135,'Me Against The World','2Pac','320','Mp3','Rap',_binary '\0','','1995','Outlaw','4.57','',8),(136,'The Instrumentals','2Pac','320','Mp3','Gangsta Rap',_binary '\0','','1998','Keep Ya Head Up','4.41','01',9),(137,'The Instrumentals','2Pac','320','Mp3','Gangsta Rap',_binary '\0','','1998','2 Of Amerikaz Most Wanted','4.12','02',9),(138,'The Instrumentals','2Pac','320','Mp3','Gangsta Rap',_binary '\0','','1998','Temptations','5.02','03',9),(139,'The Instrumentals','2Pac','320','Mp3','Gangsta Rap',_binary '\0','','1998','God Bless The Dead','4.40','04',9),(140,'The Instrumentals','2Pac','320','Mp3','Gangsta Rap',_binary '\0','','1998','Hail Mary','5.21','05',9),(141,'The Instrumentals','2Pac','320','Mp3','Gangsta Rap',_binary '\0','','1998','Me Against The World','4.65','06',9),(142,'The Instrumentals','2Pac','320','Mp3','Gangsta Rap',_binary '\0','','1998','How Do U Want It','4.81','07',9),(143,'The Instrumentals','2Pac','320','Mp3','Gangsta Rap',_binary '\0','','1998','So Many Tears','3.98','08',9),(144,'The Instrumentals','2Pac','320','Mp3','Gangsta Rap',_binary '\0','','1998','Unconditional Love','3.99','09',9),(145,'The Instrumentals','2Pac','320','Mp3','Gangsta Rap',_binary '\0','','1998','Trapped','4.76','10',9),(146,'The Instrumentals','2Pac','320','Mp3','Gangsta Rap',_binary '\0','','1998','Life Goes On','5.05','11',9),(147,'The Instrumentals','2Pac','320','Mp3','Gangsta Rap',_binary '\0','','1998','Hit \'Em Up','5.21','12',9),(148,'The Instrumentals','2Pac','320','Mp3','Hip-Hop',_binary '\0','','1998','Troublesome \'96','4.62','01',9),(149,'The Instrumentals','2Pac','320','Mp3','Hip-Hop',_binary '\0','','1998','Brenda\'s Got A Baby','3.90','02',9),(150,'The Instrumentals','2Pac','320','Mp3','Hip-Hop',_binary '\0','','1998','I Ain\'t Mad At Cha (feat. Danny Boy)','4.91','03',9),(151,'The Instrumentals','2Pac','320','Mp3','Hip-Hop',_binary '\0','','1998','I Get Around (feat. Digital Underground)','4.33','04',9),(152,'The Instrumentals','2Pac','320','Mp3','Hip-Hop',_binary '\0','','1998','Changes','4.49','05',9),(153,'The Instrumentals','2Pac','320','Mp3','Hip-Hop',_binary '\0','','1998','California Love (original version) (feat. Dr. Dre & Roger Troutman)','4.75','06',9),(154,'The Instrumentals','2Pac','320','Mp3','Hip-Hop',_binary '\0','','1998','Picture Me Rollin\' (feat. Danny Boy, Big Syke & CPO)','5.26','07',9),(155,'The Instrumentals','2Pac','320','Mp3','Hip-Hop',_binary '\0','','1998','How Long Will They Mourn Me? (feat. Nate Dogg)','3.88','08',9),(156,'The Instrumentals','2Pac','320','Mp3','Hip-Hop',_binary '\0','','1998','Toss It Up (feat. KC-i and Jojo & Danny Boy)','4.73','09',9),(157,'The Instrumentals','2Pac','320','Mp3','Hip-Hop',_binary '\0','','1998','Dear Mama','4.67','10',9),(158,'The Instrumentals','2Pac','320','Mp3','Hip-Hop',_binary '\0','','1998','All About U (feat. Top Dogg, Nate Dogg & Dru Down)','4.56','11',9),(159,'The Instrumentals','2Pac','320','Mp3','Hip-Hop',_binary '\0','','1998','To Live & Die In L.A. (feat. Val Young)','4.56','12',9),(160,'The Instrumentals','2Pac','320','Mp3','Hip-Hop',_binary '\0','','1998','Heartz Of Men','4.69','13',9),(161,'The Instrumentals','2Pac','128','Mp3','',_binary '\0','','','','3.71','',9),(162,'The Instrumentals','2Pac','128','Mp3','',_binary '\0','','','','4.27','',9),(163,'The Instrumentals','2Pac','128','Mp3','',_binary '\0','','','','3.35','',9),(164,'The Instrumentals','2Pac','128','Mp3','',_binary '\0','','','','4.49','',9),(165,'The Instrumentals','2Pac','128','Mp3','',_binary '\0','','','','3.52','',9),(166,'The Instrumentals','2Pac','128','Mp3','',_binary '\0','','','','4.05','',9),(167,'The Instrumentals','2Pac','128','Mp3','',_binary '\0','','','','4.83','',9),(168,'The Instrumentals','2Pac','128','Mp3','',_binary '\0','','','','4.32','',9),(169,'The Instrumentals','2Pac','128','Mp3','',_binary '\0','','','','4.04','',9),(170,'The Instrumentals','2Pac','128','Mp3','',_binary '\0','','','','5.11','',9),(171,'The Instrumentals','2Pac','128','Mp3','',_binary '\0','','','','4.74','',9),(172,'The Instrumentals','2Pac','128','Mp3','',_binary '\0','','','','3.79','',9),(173,'The Instrumentals','2Pac','128','Mp3','',_binary '\0','','','','5.83','',9),(174,'The Instrumentals','2Pac','128','Mp3','',_binary '\0','','','','3.51','',9),(175,'The Instrumentals','2Pac','128','Mp3','',_binary '\0','','','','4.28','',9),(176,'The Instrumentals','2Pac','128','Mp3','',_binary '\0','','','','4.15','',9),(177,'The Instrumentals','2Pac','128','Mp3','',_binary '\0','','','','3.78','',9),(178,'30 Seconds To Mars','30 Seconds To Mars','192','Mp3','Alternative',_binary '\0','','2005','Attack','3.16','1',10),(179,'30 Seconds To Mars','30 Seconds To Mars','192','Mp3','Alternative',_binary '\0','','2005','A Beautiful Lie','4.10','2',10),(180,'30 Seconds To Mars','30 Seconds To Mars','192','Mp3','Alternative',_binary '\0','','2005','The Kill','3.87','3',10),(181,'30 Seconds To Mars','30 Seconds To Mars','192','Mp3','Alternative',_binary '\0','','2005','Was It A Dream?','4.27','4',10),(182,'30 Seconds To Mars','30 Seconds To Mars','192','Mp3','Alternative',_binary '\0','','2005','The Fantasy','4.50','5',10),(183,'30 Seconds To Mars','30 Seconds To Mars','192','Mp3','Alternative',_binary '\0','','2005','Savior','3.41','6',10),(184,'30 Seconds To Mars','30 Seconds To Mars','192','Mp3','Alternative',_binary '\0','','2005','From Yesterday','4.14','7',10),(185,'30 Seconds To Mars','30 Seconds To Mars','192','Mp3','Alternative',_binary '\0','','2005','The Story','3.92','8',10),(186,'30 Seconds To Mars','30 Seconds To Mars','192','Mp3','Alternative',_binary '\0','','2005','R-Evolve','4.00','9',10),(187,'30 Seconds To Mars','30 Seconds To Mars','192','Mp3','Alternative',_binary '\0','','2005','A Modern Myth','14.26','10',10),(188,'30 Seconds To Mars','30 Seconds To Mars','192','Mp3','Alternative',_binary '\0','','2005','Battle Of One','2.79','11',10),(189,'30 Seconds To Mars','30 Seconds To Mars','192','Mp3','Alternative',_binary '\0','','2005','Hunter','3.92','12',10),(190,'A Beautiful Lie','30 Seconds To Mars','192','Mp3','Alternative',_binary '\0','','2005','Attack','3.16','1',11),(191,'A Beautiful Lie','30 Seconds To Mars','192','Mp3','Alternative',_binary '\0','','2005','A Beautiful Lie','4.10','2',11),(192,'A Beautiful Lie','30 Seconds To Mars','192','Mp3','Alternative',_binary '\0','','2005','The Kill','3.87','3',11),(193,'A Beautiful Lie','30 Seconds To Mars','192','Mp3','Alternative',_binary '\0','','2005','Was It A Dream?','4.27','4',11),(194,'A Beautiful Lie','30 Seconds To Mars','192','Mp3','Alternative',_binary '\0','','2005','The Fantasy','4.50','5',11),(195,'A Beautiful Lie','30 Seconds To Mars','192','Mp3','Alternative',_binary '\0','','2005','Savior','3.41','6',11),(196,'A Beautiful Lie','30 Seconds To Mars','192','Mp3','Alternative',_binary '\0','','2005','From Yesterday','4.14','7',11),(197,'A Beautiful Lie','30 Seconds To Mars','192','Mp3','Alternative',_binary '\0','','2005','The Story','3.92','8',11),(198,'A Beautiful Lie','30 Seconds To Mars','192','Mp3','Alternative',_binary '\0','','2005','R-Evolve','4.00','9',11),(199,'A Beautiful Lie','30 Seconds To Mars','192','Mp3','Alternative',_binary '\0','','2005','A Modern Myth','14.26','10',11),(200,'A Beautiful Lie','30 Seconds To Mars','192','Mp3','Alternative',_binary '\0','','2005','Battle Of One','2.79','11',11),(201,'A Beautiful Lie','30 Seconds To Mars','192','Mp3','Alternative',_binary '\0','','2005','Hunter','3.92','12',11),(202,'It’s The End Of The World But It’s A Beautiful Day','30 Seconds To Mars','320','Mp3','Alternativa',_binary '\0','','','Stuck','3.05','',12),(203,'It’s The End Of The World But It’s A Beautiful Day','30 Seconds To Mars','320','Mp3','Alternativa',_binary '\0','','','Life Is Beautiful','3.32','',12),(204,'It’s The End Of The World But It’s A Beautiful Day','30 Seconds To Mars','320','Mp3','Alternativa',_binary '\0','','','Seasons','2.77','',12),(205,'It’s The End Of The World But It’s A Beautiful Day','30 Seconds To Mars','320','Mp3','Alternativa',_binary '\0','','','Get Up Kid','2.97','',12),(206,'It’s The End Of The World But It’s A Beautiful Day','30 Seconds To Mars','320','Mp3','Alternativa',_binary '\0','','','Love These Days','3.01','',12),(207,'It’s The End Of The World But It’s A Beautiful Day','30 Seconds To Mars','320','Mp3','Alternativa',_binary '\0','','','World On Fire','3.30','',12),(208,'It’s The End Of The World But It’s A Beautiful Day','30 Seconds To Mars','320','Mp3','Alternativa',_binary '\0','','','7:1','2.76','',12),(209,'It’s The End Of The World But It’s A Beautiful Day','30 Seconds To Mars','320','Mp3','Alternativa',_binary '\0','','','Never Not Love You','3.25','',12),(210,'It’s The End Of The World But It’s A Beautiful Day','30 Seconds To Mars','320','Mp3','Alternativa',_binary '\0','','','Midnight Prayer','2.57','',12),(211,'It’s The End Of The World But It’s A Beautiful Day','30 Seconds To Mars','320','Mp3','Alternativa',_binary '\0','','','Lost These Days','3.10','',12),(212,'It’s The End Of The World But It’s A Beautiful Day','30 Seconds To Mars','320','Mp3','Alternativa',_binary '\0','','','Avalanche','3.41','',12),(213,'This Is War','30 Seconds To Mars','160','Mp3','AlternRock',_binary '\0','','2009','Escape','2.40','1',13),(214,'This Is War','30 Seconds To Mars','160','Mp3','AlternRock',_binary '\0','','2009','Night Of The Hunter','5.69','2',13),(215,'This Is War','30 Seconds To Mars','~273','Mp3','AlternRock',_binary '','','2009','Kings And Queens','5.80','3',13),(216,'This Is War','30 Seconds To Mars','160','Mp3','AlternRock',_binary '\0','','2009','This Is War','5.46','4',13),(217,'This Is War','30 Seconds To Mars','160','Mp3','AlternRock',_binary '\0','','2009','100 Suns','1.97','5',13),(218,'This Is War','30 Seconds To Mars','160','Mp3','AlternRock',_binary '\0','','2009','Hurricane','6.22','6',13),(219,'This Is War','30 Seconds To Mars','160','Mp3','AlternRock',_binary '\0','','2009','Closer To The Edge','4.55','7',13),(220,'This Is War','30 Seconds To Mars','160','Mp3','AlternRock',_binary '\0','','2009','A Call To Arms','5.71','8',13),(221,'This Is War','30 Seconds To Mars','160','Mp3','AlternRock',_binary '\0','','2009','Search & Destroy','5.64','9',13),(222,'This Is War','30 Seconds To Mars','160','Mp3','AlternRock',_binary '\0','','2009','Alibi','5.99','10',13),(223,'This Is War','30 Seconds To Mars','160','Mp3','AlternRock',_binary '\0','','2009','Stranger In A Strange Land','6.90','11',13),(224,'This Is War','30 Seconds To Mars','160','Mp3','AlternRock',_binary '\0','','2009','Equinox','4.44','12',13),(225,'This Is War','30 Seconds To Mars','192','Mp3','AlternRock',_binary '\0','','2009','Night Of The Hunter (Flood Remix)','4.86','13',13),(226,'3am Party','3am Party','192','Wma','Pop',_binary '\0','','','Celebration','3.63','1',14),(227,'3am Party','3am Party','192','Wma','Pop',_binary '\0','','','Video Killed The Radio Star','3.33','2',14),(228,'3am Party','3am Party','192','Wma','Pop',_binary '\0','','','ABC','2.92','3',14),(229,'3am Party','3am Party','192','Wma','Pop',_binary '\0','','','I\'m Coming Out','5.40','4',14),(230,'3am Party','3am Party','192','Wma','Pop',_binary '\0','','','Word Up','4.28','5',14),(231,'3am Party','3am Party','192','Wma','Pop',_binary '\0','','','Car Wash','3.28','6',14),(232,'3am Party','3am Party','192','Wma','Pop',_binary '\0','','','99 Red Balloons','3.88','7',14),(233,'3am Party','3am Party','192','Wma','Pop',_binary '\0','','','Boogie Wonderland ','4.87','8',14),(234,'3am Party','3am Party','192','Wma','Pop',_binary '\0','','','I Love Music','3.63','9',14),(235,'3am Party','3am Party','192','Wma','Pop',_binary '\0','','','Let\'s Hear It For The Boy','4.33','10',14),(236,'Want','3OH!3','~188','Mp3','ELEcRock',_binary '','Photofinish','2008-07-08','Tapp','1.03','1',15),(237,'Want','3OH!3','~207','Mp3','ELEcRock',_binary '','Photofinish','2008-07-08','PunkB*tch','3.85','2',15),(238,'Want','3OH!3','~182','Mp3','ELEcRock',_binary '','Photofinish','2008-07-08','Dont Trust Me','3.21','3',15),(239,'Want','3OH!3','~197','Mp3','ELEcRock',_binary '','Photofinish','2008-07-08','Chokechain','3.53','4',15),(240,'Want','3OH!3','~196','Mp3','ELEcRock',_binary '','Photofinish','2008-07-08','Im Not Your Boyfriend Baby','3.75','5',15),(241,'Want','3OH!3','~207','Mp3','ELEcRock',_binary '','Photofinish','2008-07-08','I Cant Do It Alone','3.01','6',15),(242,'Want','3OH!3','~176','Mp3','ELEcRock',_binary '','Photofinish','2008-07-08','','3.08','7',15),(243,'Want','3OH!3','~193','Mp3','ELEcRock',_binary '','Photofinish','2008-07-08','','3.33','8',15),(244,'Want','3OH!3','~180','Mp3','ELEcRock',_binary '','Photofinish','2008-07-08','','3.93','9',15),(245,'Want','3OH!3','~177','Mp3','ELEcRock',_binary '','Photofinish','2008-07-08','','3.13','10',15),(246,'Want','3OH!3','~188','Mp3','ELEcRock',_binary '','Photofinish','2008-07-08','','4.18','11',15),(247,'Want','3OH!3','~193','Mp3','ELEcRock',_binary '','Photofinish','2008-07-08','','3.38','12',15),(248,'Creating Patterns','4 Hero','128','Mp3','Drum N Bass',_binary '\0','','2001','Conceptions','5.66','1',16),(249,'Creating Patterns','4 Hero','128','Mp3','Drum N Bass',_binary '\0','','2001','Time (Feat. Ursula Rucker)','4.66','2',16),(250,'Creating Patterns','4 Hero','128','Mp3','Drum N Bass',_binary '\0','','2001','Golden Solitude','6.94','3',16),(251,'Creating Patterns','4 Hero','128','Mp3','Drum N Bass',_binary '\0','','2001','Twothesme','6.05','4',16),(252,'Creating Patterns','4 Hero','128','Mp3','Drum N Bass',_binary '\0','','2001','Another Day (Feat. Jill Scott)','4.97','5',16),(253,'Creating Patterns','4 Hero','128','Mp3','Drum N Bass',_binary '\0','','2001','Hold It Down','5.21','6',16),(254,'Creating Patterns','4 Hero','128','Mp3','Drum N Bass',_binary '\0','','2001','Unique (Feat. Patricia Marxx)','4.73','7',16),(255,'Creating Patterns','4 Hero','128','Mp3','Drum N Bass',_binary '\0','','2001','Something Nothing','2.63','8',16),(256,'Creating Patterns','4 Hero','128','Mp3','Drum N Bass',_binary '\0','','2001','Ways Of Thought','4.50','9',16),(257,'Creating Patterns','4 Hero','128','Mp3','Drum N Bass',_binary '\0','','2001','Eight','5.69','10',16),(258,'Creating Patterns','4 Hero','128','Mp3','Drum N Bass',_binary '\0','','2001','Twelve Tribes (Feat. Mark Murphy)','6.12','11',16),(259,'Creating Patterns','4 Hero','128','Mp3','Drum N Bass',_binary '\0','','2001','2-BS-74638','4.00','12',16),(260,'Creating Patterns','4 Hero','128','Mp3','Drum N Bass',_binary '\0','','2001','Les Fleur','6.11','13',16),(261,'Parallel Universe','4 Hero','192','Mp3','Drum & Bass',_binary '\0','','1995','Universal Love','5.30','1',17),(262,'Parallel Universe','4 Hero','192','Mp3','Drum & Bass',_binary '\0','','1995','No Imitation','5.04','2',17),(263,'Parallel Universe','4 Hero','192','Mp3','Drum & Bass',_binary '\0','','1995','Parallel Universe','5.13','3',17),(264,'Parallel Universe','4 Hero','192','Mp3','Drum & Bass',_binary '\0','','1995','Talk Around Town','5.27','4',17),(265,'Parallel Universe','4 Hero','192','Mp3','Drum & Bass',_binary '\0','','1995','Follow Your Heart','6.27','5',17),(266,'Parallel Universe','4 Hero','192','Mp3','Drum & Bass',_binary '\0','','1995','Wrinkles in Time','5.99','6',17),(267,'Parallel Universe','4 Hero','192','Mp3','Drum & Bass',_binary '\0','','1995','Terraforming','4.93','7',17),(268,'Parallel Universe','4 Hero','192','Mp3','Drum & Bass',_binary '\0','','1995','Follow Your Heart','6.91','9',17),(269,'Parallel Universe','4 Hero','192','Mp3','Drum & Bass',_binary '\0','','1995','Shadow Run','2.45','10',17),(270,'Parallel Universe','4 Hero','192','Mp3','Drum & Bass',_binary '\0','','1995','Sunspots','6.45','11',17),(271,'Parallel Universe','4 Hero','192','Mp3','Drum & Bass',_binary '\0','','1995','Sounds From the Black Hole','6.28','12',17),(272,'Parallel Universe','4 Hero','192','Mp3','Drum & Bass',_binary '\0','','1995','Power to Move the Stars','4.41','13',17),(273,'Parallel Universe','4 Hero','192','Mp3','Drum & Bass',_binary '\0','','1995','Solar Emissions','4.90','14',17),(274,'The Remix Album','4 Hero','~194','Mp3','Dance',_binary '','','2004','Nuyorican Soul / Black Gold of the Sun (4 Hero Remix)','3.02','01',18),(275,'The Remix Album','4 Hero','~177','Mp3','Dance',_binary '','','2004','Courtney Pine / I\'ve Known Rivers (4 Hero Remix)','3.00','02',18),(276,'The Remix Album','4 Hero','~170','Mp3','Dance',_binary '','','2004','Scarface / I Seen a Man Die (4 Hero Remix)','3.00','03',18),(277,'The Remix Album','4 Hero','~176','Mp3','Dance',_binary '','','2004','Goldie / Inner City Life (4 Hero Remix)','2.97','04',18),(278,'The Remix Album','4 Hero','~207','Mp3','Dance',_binary '','','2004','Ultra Nate / Twisted (4 Hero Remix)','3.00','05',18),(279,'The Remix Album','4 Hero','~191','Mp3','Dance',_binary '','','2004','Focus / Having Your Fun (4 Hero Remix)','3.00','06',18),(280,'The Remix Album','4 Hero','~191','Mp3','Dance',_binary '','','2004','Shade of Soul Feat. Marilyn David / Give It to Me (4 Hero Remix)','3.01','07',18),(281,'The Remix Album','4 Hero','~189','Mp3','Dance',_binary '','','2004','Yellow Magic Orchestra / Indo (4 Hero Remix)','3.02','08',18),(282,'The Remix Album','4 Hero','~194','Mp3','Dance',_binary '','','2004','Terry Callier / Love Theme From Spartacus (4 Hero Remix)','3.00','09',18),(283,'The Remix Album','4 Hero','~198','Mp3','Dance',_binary '','','2004','Shaun Escoffery / Into the Blue (4 Hero Remix)','3.00','10',18),(284,'The Remix Album','4 Hero','~185','Mp3','Dance',_binary '','','2004','Marcus Valle / Escape (4 Hero Remix)','3.00','11',18),(285,'The Remix Album','4 Hero','~195','Mp3','Dance',_binary '','','2004','Bonus Track / Naima (4 Hero Version)','3.01','12',18),(286,'The Remix Album','4 Hero','~175','Mp3','Dance',_binary '','','2004','Hold It Down (Bugz in the Attic Remix)','2.98','01',18),(287,'The Remix Album','4 Hero','~179','Mp3','Dance',_binary '','','2004','Star Chasers (Masters at Work Remix)','3.03','02',18),(288,'The Remix Album','4 Hero','~144','Mp3','Dance',_binary '','','2004','The Action (Visioneers Remix)','3.00','03',18),(289,'The Remix Album','4 Hero','~189','Mp3','Dance',_binary '','','2004','We Who Are Not as Others (Jazzanova Remix)','2.99','04',18),(290,'The Remix Album','4 Hero','~201','Mp3','Dance',_binary '','','2004','Ways of Thought (Restless Soul Remix)','3.03','05',18),(291,'The Remix Album','4 Hero','~196','Mp3','Dance',_binary '','','2004','Escape That (New Sector Movements Remix)','2.98','06',18),(292,'The Remix Album','4 Hero','~188','Mp3','Dance',_binary '','','2004','Universal Love (Metalheadz Remix)','2.99','07',18),(293,'The Remix Album','4 Hero','~158','Mp3','Dance',_binary '','','2004','9 by 9 (Marcus Intalex & St Files Remix)','3.00','08',18),(294,'The Remix Album','4 Hero','~201','Mp3','Dance',_binary '','','2004','Hold It Down (Exemen Remix)','3.00','09',18),(295,'The Remix Album','4 Hero','~142','Mp3','Dance',_binary '','','2004','Star Chasers (DJ Spinna Remix)','3.01','10',18),(296,'The Remix Album','4 Hero','~215','Mp3','Dance',_binary '','','2004','9 by 9 (King Britt Remix)','2.94','11',18),(297,'The Remix Album','4 Hero','~216','Mp3','Lo-Fi',_binary '','','2004','Better Place (Marcus Intalex & St Files Remix)','6.48','12',18),(298,'Bigger, Better, Faster, More','4 Non Blondes','192','Mp3','Pop',_binary '\0','','2006','Train','3.71','1',19),(299,'Bigger, Better, Faster, More','4 Non Blondes','192','Mp3','Pop',_binary '\0','','2006','Superfly','4.63','2',19),(300,'Bigger, Better, Faster, More','4 Non Blondes','192','Mp3','Pop',_binary '\0','','2006','What\'s Up','4.93','3',19),(301,'Bigger, Better, Faster, More','4 Non Blondes','192','Mp3','Pop',_binary '\0','','2006','Pleasantly Blue','2.48','4',19),(302,'Bigger, Better, Faster, More','4 Non Blondes','192','Mp3','Pop',_binary '\0','','2006','Morphine & Chocolate','4.74','5',19),(303,'Bigger, Better, Faster, More','4 Non Blondes','192','Mp3','Pop',_binary '\0','','2006','Spaceman','3.67','6',19),(304,'Bigger, Better, Faster, More','4 Non Blondes','192','Mp3','Pop',_binary '\0','','2006','Old Mr. Heffer','2.28','7',19),(305,'Bigger, Better, Faster, More','4 Non Blondes','192','Mp3','Pop',_binary '\0','','2006','Calling All The People','3.30','8',19),(306,'Bigger, Better, Faster, More','4 Non Blondes','192','Mp3','Pop',_binary '\0','','2006','Dear Mr. President','4.73','9',19),(307,'Bigger, Better, Faster, More','4 Non Blondes','192','Mp3','Pop',_binary '\0','','2006','Drifting','3.52','10',19),(308,'Bigger, Better, Faster, More','4 Non Blondes','192','Mp3','Pop',_binary '\0','','2006','No Place Like Home','3.15','11',19),(309,'5 Seconds of Summer','5 Seconds of Summer','320','Mp3','Pop',_binary '\0','','2014-06-27T07:00:00Z','She Looks So Perfect','3.38','01',20),(310,'5 Seconds of Summer','5 Seconds of Summer','320','Mp3','Pop',_binary '\0','','2014-06-27T07:00:00Z','Don\'t Stop','2.83','02',20),(311,'5 Seconds of Summer','5 Seconds of Summer','320','Mp3','Pop',_binary '\0','','2014-06-27T07:00:00Z','Good Girls','3.46','03',20),(312,'5 Seconds of Summer','5 Seconds of Summer','320','Mp3','Pop',_binary '\0','','2014-06-27T07:00:00Z','Kiss Me Kiss Me','3.40','04',20),(313,'5 Seconds of Summer','5 Seconds of Summer','320','Mp3','Pop',_binary '\0','','2014-06-27T07:00:00Z','18','3.15','05',20),(314,'5 Seconds of Summer','5 Seconds of Summer','320','Mp3','Pop',_binary '\0','','2014-06-27T07:00:00Z','Everything I Didn\'t Say','3.01','06',20),(315,'5 Seconds of Summer','5 Seconds of Summer','320','Mp3','Pop',_binary '\0','','2014-06-27T07:00:00Z','Beside You','3.67','07',20),(316,'5 Seconds of Summer','5 Seconds of Summer','320','Mp3','Pop',_binary '\0','','2014-06-27T07:00:00Z','End Up Here','3.03','08',20),(317,'5 Seconds of Summer','5 Seconds of Summer','320','Mp3','Pop',_binary '\0','','2014-06-27T07:00:00Z','Long Way Home','3.32','09',20),(318,'5 Seconds of Summer','5 Seconds of Summer','320','Mp3','Pop',_binary '\0','','2014-06-27T07:00:00Z','Heartbreak Girl','3.31','10',20),(319,'5 Seconds of Summer','5 Seconds of Summer','320','Mp3','Pop',_binary '\0','','2014-06-27T07:00:00Z','English Love Affair','3.02','11',20),(320,'5 Seconds of Summer','5 Seconds of Summer','320','Mp3','Pop',_binary '\0','','2014-06-27T07:00:00Z','Amnesia','3.96','12',20),(321,'5 Seconds of Summer','5 Seconds of Summer','320','Mp3','Pop',_binary '\0','','2014-06-27T07:00:00Z','Social Casualty','3.14','13',20),(322,'5 Seconds of Summer','5 Seconds of Summer','320','Mp3','Pop',_binary '\0','','2014-06-27T07:00:00Z','Never Be','3.15','14',20),(323,'5 Seconds of Summer','5 Seconds of Summer','320','Mp3','Pop',_binary '\0','','2014-06-27T07:00:00Z','Voodoo Doll','3.29','15',20),(324,'5 Seconds of Summer','5 Seconds of Summer','320','Mp3','Pop',_binary '\0','','2014-06-27T07:00:00Z','Greenlight','2.77','16',20),(325,'Don\'t Stop [EP]','5 Seconds of Summer','~281','Mp3','Pop',_binary '','','2014','Don\'t Stop (Ashton Demo Vocal)','2.83','1',21),(326,'Don\'t Stop [EP]','5 Seconds of Summer','~280','Mp3','Pop',_binary '','','2014','Don\'t Stop (Calum Demo Vocal)','2.83','1',21),(327,'Don\'t Stop [EP]','5 Seconds of Summer','~278','Mp3','',_binary '','','2014','If You Don\'t Know','3.48','4',21),(328,'Don\'t Stop [EP]','5 Seconds of Summer','~271','Mp3','',_binary '','','2014','Rejects','2.84','2',21),(329,'Don\'t Stop [EP]','5 Seconds of Summer','~268','Mp3','',_binary '','','2014','Try Hard','3.70','3',21),(330,'She Looks So Perfect [EP]','5 Seconds of Summer','320','Mp3','Pop',_binary '\0','','2014','She Looks So Perfect','3.38','1',22),(331,'She Looks So Perfect [EP]','5 Seconds of Summer','320','Mp3','Pop',_binary '\0','','2014','Heartache On the Big Screen','3.41','2',22),(332,'She Looks So Perfect [EP]','5 Seconds of Summer','320','Mp3','Pop',_binary '\0','','2014','The Only Reason','3.38','3',22),(333,'She Looks So Perfect [EP]','5 Seconds of Summer','320','Mp3','Pop',_binary '\0','','2014','What I Like About You','2.53','4',22),(334,'Sounds Good Feels Good','5 Seconds of Summer','320','Mp3','Pop',_binary '\0','','2015-10-23T07:00:00Z','Money','2.91','01',23),(335,'Sounds Good Feels Good','5 Seconds of Summer','320','Mp3','Pop',_binary '\0','','2015-10-23T07:00:00Z','She\'s Kinda Hot','3.61','02',23),(336,'Sounds Good Feels Good','5 Seconds of Summer','320','Mp3','Pop',_binary '\0','','2015-10-23T07:00:00Z','Hey Everybody!','3.28','03',23),(337,'Sounds Good Feels Good','5 Seconds of Summer','320','Mp3','Pop',_binary '\0','','2015-10-23T07:00:00Z','Permanent Vacation','3.43','04',23),(338,'Sounds Good Feels Good','5 Seconds of Summer','320','Mp3','Pop',_binary '\0','','2015-10-23T07:00:00Z','Jet Black Heart','3.70','05',23),(339,'Sounds Good Feels Good','5 Seconds of Summer','320','Mp3','Pop',_binary '\0','','2015-10-23T07:00:00Z','Catch Fire','3.46','06',23),(340,'Sounds Good Feels Good','5 Seconds of Summer','320','Mp3','Pop',_binary '\0','','2015-10-23T07:00:00Z','Safety Pin','3.49','07',23),(341,'Sounds Good Feels Good','5 Seconds of Summer','320','Mp3','Pop',_binary '\0','','2015-10-23T07:00:00Z','Waste the Night','4.44','08',23),(342,'Sounds Good Feels Good','5 Seconds of Summer','320','Mp3','Pop',_binary '\0','','2015-10-23T07:00:00Z','Vapor','2.99','09',23),(343,'Sounds Good Feels Good','5 Seconds of Summer','320','Mp3','Pop',_binary '\0','','2015-10-23T07:00:00Z','Castaway','3.58','10',23),(344,'Sounds Good Feels Good','5 Seconds of Summer','320','Mp3','Pop',_binary '\0','','2015-10-23T07:00:00Z','The Girl Who Cried Wolf','4.37','11',23),(345,'Sounds Good Feels Good','5 Seconds of Summer','320','Mp3','Pop',_binary '\0','','2015-10-23T07:00:00Z','Broken Home','3.68','12',23),(346,'Sounds Good Feels Good','5 Seconds of Summer','320','Mp3','Pop',_binary '\0','','2015-10-23T07:00:00Z','Fly Away','3.54','13',23),(347,'Sounds Good Feels Good','5 Seconds of Summer','320','Mp3','Pop',_binary '\0','','2015-10-23T07:00:00Z','Invisible','3.55','14',23),(348,'Sounds Good Feels Good','5 Seconds of Summer','320','Mp3','Pop',_binary '\0','','2015-10-23T07:00:00Z','Airplanes','3.65','15',23),(349,'Sounds Good Feels Good','5 Seconds of Summer','320','Mp3','Pop',_binary '\0','','2015-10-23T07:00:00Z','San Francisco','4.32','16',23),(350,'Sounds Good Feels Good','5 Seconds of Summer','320','Mp3','Pop',_binary '\0','','2015-10-23T07:00:00Z','Outer Space / Carry On','6.64','17',23),(351,'7 Seconds','7 Seconds','128','Mp3','',_binary '\0','','','Skins, Brains And Guts','0.91','',24),(352,'7 Seconds','7 Seconds','128','Mp3','',_binary '\0','','','No Authority','0.85','',24),(353,'7 Seconds','7 Seconds','128','Mp3','',_binary '\0','','','Redneck Society','0.78','',24),(354,'7 Seconds','7 Seconds','128','Mp3','',_binary '\0','','','Baby Games','0.45','',24),(355,'7 Seconds','7 Seconds','128','Mp3','',_binary '\0','','','Racism Sucks','2.45','',24),(356,'7 Seconds','7 Seconds','128','Mp3','',_binary '\0','','','This Is My Life','1.15','',24),(357,'7 Seconds','7 Seconds','128','Mp3','',_binary '\0','','','Anti-klan','1.10','',24),(358,'7 Seconds','7 Seconds','128','Mp3','',_binary '\0','','','I Hate Sports','0.69','',24),(359,'7 Seconds','7 Seconds','128','Mp3','',_binary '\0','','','We\'re Gonna Fight','2.52','',24),(360,'7 Seconds','7 Seconds','128','Mp3','',_binary '\0','','','5 Years of Lies','0.73','',24),(361,'7 Seconds','7 Seconds','128','Mp3','',_binary '\0','','','Drug Control','0.65','',24),(362,'7 Seconds','7 Seconds','128','Mp3','',_binary '\0','','','Bottomless Pit','1.55','',24),(363,'7 Seconds','7 Seconds','128','Mp3','',_binary '\0','','','Fight Your Own Fight','1.11','',24),(364,'7 Seconds','7 Seconds','128','Mp3','',_binary '\0','','','Comitted For Life','1.43','',24),(365,'7 Seconds','7 Seconds','128','Mp3','',_binary '\0','','','This Is The Angry','1.10','',24),(366,'7 Seconds','7 Seconds','128','Mp3','',_binary '\0','','','Aggro','1.26','',24),(367,'Good to Go','7 Seconds','128','Mp3','Punk',_binary '\0','','1999','Sooner Or Later','1.16','01',25),(368,'Good to Go','7 Seconds','128','Mp3','Punk',_binary '\0','','1999','Sour Grapes','1.33','02',25),(369,'Good to Go','7 Seconds','128','Mp3','Punk',_binary '\0','','1999','Guessing Game','1.86','03',25),(370,'Good to Go','7 Seconds','128','Mp3','Punk',_binary '\0','','1999','Best Friend','2.00','04',25),(371,'Good to Go','7 Seconds','128','Mp3','Punk',_binary '\0','','1999','Slow Down','2.10','05',25),(372,'Good to Go','7 Seconds','128','Mp3','Punk',_binary '\0','','1999','Safety Net','1.38','06',25),(373,'Good to Go','7 Seconds','128','Mp3','Punk',_binary '\0','','1999','Change The Key','1.96','07',25),(374,'Good to Go','7 Seconds','128','Mp3','Punk',_binary '\0','','1999','4141 Done','0.48','08',25),(375,'Good to Go','7 Seconds','128','Mp3','Punk',_binary '\0','','1999','Message From','1.32','09',25),(376,'Good to Go','7 Seconds','128','Mp3','Punk',_binary '\0','','1999','True Roots Show','2.05','10',25),(377,'Good to Go','7 Seconds','128','Mp3','Punk',_binary '\0','','1999','This World Of Mine','1.71','11',25),(378,'Good to Go','7 Seconds','128','Mp3','Punk',_binary '\0','','1999','You See The Flaws','2.08','12',25),(379,'Good to Go','7 Seconds','128','Mp3','Punk',_binary '\0','','1999','I See You Found','1.77','13',25),(380,'Good to Go','7 Seconds','128','Mp3','Punk',_binary '\0','','1999','Never Try','1.77','15',25),(381,'Good to Go','7 Seconds','128','Mp3','Punk',_binary '\0','','1999','Here We Go Again Kids','2.90','16',25),(382,'New Wind','7 Seconds','192','Mp3','Reno, Nevada',_binary '\0','','1986','The night away','2.74','1',27),(383,'New Wind','7 Seconds','192','Mp3','Reno, Nevada',_binary '\0','','1986','New wind','1.93','2',27),(384,'New Wind','7 Seconds','192','Mp3','Reno, Nevada',_binary '\0','','1986','Somebody halp me scream','2.95','3',27),(385,'New Wind','7 Seconds','192','Mp3','Reno, Nevada',_binary '\0','','1986','Tied up in rhythm','2.00','4',27),(386,'New Wind','7 Seconds','192','Mp3','Reno, Nevada',_binary '\0','','1986','Grown apart','2.57','5',27),(387,'New Wind','7 Seconds','192','Mp3','Reno, Nevada',_binary '\0','','1986','Man enough to care','2.01','6',27),(388,'New Wind','7 Seconds','192','Mp3','Reno, Nevada',_binary '\0','','1986','Opinion of feelings','2.44','7',27),(389,'New Wind','7 Seconds','192','Mp3','Reno, Nevada',_binary '\0','','1986','The inside','3.17','8',27),(390,'New Wind','7 Seconds','192','Mp3','Reno, Nevada',_binary '\0','','1986','Calendar','1.68','9',27),(391,'New Wind','7 Seconds','192','Mp3','Reno, Nevada',_binary '\0','','1986','Expect to change','2.20','10',27),(392,'New Wind','7 Seconds','192','Mp3','Reno, Nevada',_binary '\0','','1986','Still belive','2.49','11',27),(393,'New Wind','7 Seconds','192','Mp3','Reno, Nevada',_binary '\0','','1986','Put these words to music','1.75','12',27),(394,'New Wind','7 Seconds','192','Mp3','Reno, Nevada',_binary '\0','','1986','Just one day','3.32','13',27),(395,'New Wind','7 Seconds','192','Mp3','Reno, Nevada',_binary '\0','','1986','Colour blind jam','7.70','14',27),(396,'Ourselves','7 Seconds','128','Mp3','Reno, Nevada',_binary '\0','','1988','Escape And Run','2.88','1',28),(397,'Ourselves','7 Seconds','128','Mp3','Reno, Nevada',_binary '\0','','1988','Far Away Friends','2.69','2',28),(398,'Ourselves','7 Seconds','128','Mp3','Reno, Nevada',_binary '\0','','1988','The Save Ourselves','3.13','3',28),(399,'Ourselves','7 Seconds','128','Mp3','Reno, Nevada',_binary '\0','','1988','If I Abide','3.40','4',28),(400,'Ourselves','7 Seconds','128','Mp3','Reno, Nevada',_binary '\0','','1988','Wish I Could Help','2.45','5',28),(401,'Ourselves','7 Seconds','128','Mp3','Reno, Nevada',_binary '\0','','1988','Sleep (In Memory Of R.S. Schumacher)','3.59','6',28),(402,'Ourselves','7 Seconds','128','Mp3','Reno, Nevada',_binary '\0','','1988','Sister','2.08','7',28),(403,'Ourselves','7 Seconds','128','Mp3','Reno, Nevada',_binary '\0','','1988','Middleground','4.49','8',28),(404,'Ourselves','7 Seconds','128','Mp3','Reno, Nevada',_binary '\0','','1988','When One Falls','3.52','9',28),(405,'Ourselves','7 Seconds','128','Mp3','Reno, Nevada',_binary '\0','','1988','Some Sort Of Balance','2.83','10',28),(406,'Ourselves','7 Seconds','128','Mp3','Reno, Nevada',_binary '\0','','1988','Seven Years','4.12','11',28),(407,'Out The Shizzy','7 Seconds','128','Mp3','rock',_binary '\0','','','Shizzy','2.64','1',29),(408,'Out The Shizzy','7 Seconds','128','Mp3','rock',_binary '\0','','','His Way, Go Away','3.75','2',29),(409,'Out The Shizzy','7 Seconds','128','Mp3','rock',_binary '\0','','','Happy Rain','2.30','3',29),(410,'Out The Shizzy','7 Seconds','128','Mp3','rock',_binary '\0','','','Free To Space','3.45','4',29),(411,'Out The Shizzy','7 Seconds','128','Mp3','rock',_binary '\0','','','Weak Link','4.20','5',29),(412,'Out The Shizzy','7 Seconds','128','Mp3','rock',_binary '\0','','','Reuben Said','2.37','6',29),(413,'Out The Shizzy','7 Seconds','128','Mp3','rock',_binary '\0','','','Yet Again','3.00','7',29),(414,'Out The Shizzy','7 Seconds','128','Mp3','rock',_binary '\0','','','G','3.27','8',29),(415,'Out The Shizzy','7 Seconds','128','Mp3','rock',_binary '\0','','','Widespread','3.45','9',29),(416,'Out The Shizzy','7 Seconds','128','Mp3','rock',_binary '\0','','','Motionary','3.29','10',29),(417,'Out The Shizzy','7 Seconds','128','Mp3','rock',_binary '\0','','','Naked','3.34','11',29),(418,'Out The Shizzy','7 Seconds','128','Mp3','rock',_binary '\0','','','Nate','1.40','12',29),(419,'Out The Shizzy','7 Seconds','128','Mp3','rock',_binary '\0','','','Some Kind Of Sign','2.95','13',29),(420,'Scream Real Loud...Live!','7 Seconds','192','Mp3','',_binary '\0','','2000','Sooner Or Later','1.29','1',30),(421,'Scream Real Loud...Live!','7 Seconds','192','Mp3','',_binary '\0','','2000','Not Just Boys Fun','1.70','2',30),(422,'Scream Real Loud...Live!','7 Seconds','192','Mp3','',_binary '\0','','2000','This Is The Angry','1.28','3',30),(423,'Scream Real Loud...Live!','7 Seconds','192','Mp3','',_binary '\0','','2000','F.O.F.O.D','0.44','4',30),(424,'Scream Real Loud...Live!','7 Seconds','192','Mp3','',_binary '\0','','2000','Message From a Friend','1.69','5',30),(425,'Scream Real Loud...Live!','7 Seconds','192','Mp3','',_binary '\0','','2000','Ghost','1.98','6',30),(426,'Scream Real Loud...Live!','7 Seconds','192','Mp3','',_binary '\0','','2000','Heres Your Warning','1.21','7',30),(427,'Scream Real Loud...Live!','7 Seconds','192','Mp3','',_binary '\0','','2000','Definite Choice','0.95','8',30),(428,'Scream Real Loud...Live!','7 Seconds','192','Mp3','',_binary '\0','','2000','Slow Down A Second','1.99','9',30),(429,'Scream Real Loud...Live!','7 Seconds','192','Mp3','',_binary '\0','','2000','One Big Guessing Game','1.88','10',30),(430,'Scream Real Loud...Live!','7 Seconds','192','Mp3','',_binary '\0','','2000','Committed For Life','1.35','11',30),(431,'Scream Real Loud...Live!','7 Seconds','192','Mp3','',_binary '\0','','2000','If The Kids Are United','2.80','12',30),(432,'Scream Real Loud...Live!','7 Seconds','192','Mp3','',_binary '\0','','2000','You Lose','0.52','13',30),(433,'Scream Real Loud...Live!','7 Seconds','192','Mp3','',_binary '\0','','2000','Young Til I Die','2.87','14',30),(434,'Scream Real Loud...Live!','7 Seconds','192','Mp3','',_binary '\0','','2000','Here We Go Again Kids','3.76','15',30),(435,'Scream Real Loud...Live!','7 Seconds','192','Mp3','',_binary '\0','','2000','Satyagraha','3.38','16',30),(436,'Scream Real Loud...Live!','7 Seconds','192','Mp3','',_binary '\0','','2000','The Crew','0.78','17',30),(437,'Scream Real Loud...Live!','7 Seconds','192','Mp3','',_binary '\0','','2000','Remains To Be Seen','1.39','18',30),(438,'Scream Real Loud...Live!','7 Seconds','192','Mp3','',_binary '\0','','2000','Regress No Way','1.95','19',30),(439,'Scream Real Loud...Live!','7 Seconds','192','Mp3','',_binary '\0','','2000','Red & Black','0.60','20',30),(440,'Scream Real Loud...Live!','7 Seconds','192','Mp3','',_binary '\0','','2000','Diehard','1.27','21',30),(441,'Scream Real Loud...Live!','7 Seconds','192','Mp3','',_binary '\0','','2000','99 Red Balloons','6.20','22',30),(442,'Scream Real Loud...Live!','7 Seconds','192','Mp3','',_binary '\0','','2000','In Your Face','1.11','23',30),(443,'Scream Real Loud...Live!','7 Seconds','192','Mp3','',_binary '\0','','2000','Trust','2.44','24',30),(444,'Scream Real Loud...Live!','7 Seconds','192','Mp3','',_binary '\0','','2000','Never Try','1.73','25',30),(445,'Scream Real Loud...Live!','7 Seconds','192','Mp3','',_binary '\0','','2000','Walk Together Rock Together','2.07','26',30),(446,'Soulforce Revolution','7 Seconds','192','Mp3','Hardcore',_binary '\0','','1989','Satyagraha','3.16','01',31),(447,'Soulforce Revolution','7 Seconds','192','Mp3','Hardcore',_binary '\0','','1989','Busy Little People','3.46','02',31),(448,'Soulforce Revolution','7 Seconds','192','Mp3','Hardcore',_binary '\0','','1989','I Can Sympathize','2.77','03',31),(449,'Soulforce Revolution','7 Seconds','192','Mp3','Hardcore',_binary '\0','','1989','It All Makes A Lot Less Sense','3.42','04',31),(450,'Soulforce Revolution','7 Seconds','192','Mp3','Hardcore',_binary '\0','','1989','Mothers Day','4.26','05',31),(451,'Soulforce Revolution','7 Seconds','192','Mp3','Hardcore',_binary '\0','','1989','Tribute Freedom Landscape','2.88','06',31),(452,'Soulforce Revolution','7 Seconds','192','Mp3','Hardcore',_binary '\0','','1989','Copper Ledge','2.14','07',31),(453,'Soulforce Revolution','7 Seconds','192','Mp3','Hardcore',_binary '\0','','1989','Tickets To A Better Place','2.40','08',31),(454,'Soulforce Revolution','7 Seconds','192','Mp3','Hardcore',_binary '\0','','1989','4 A.M. In Texas','3.32','09',31),(455,'Soulforce Revolution','7 Seconds','192','Mp3','Hardcore',_binary '\0','','1989','Soul To Keep (For Phyllis)','3.58','10',31),(456,'Soulforce Revolution','7 Seconds','192','Mp3','Hardcore',_binary '\0','','1989','Swan Song','1.88','11',31),(457,'Take It Back, Take It On, Take It Over','7 Seconds','~242','Mp3','Punk',_binary '','','2004','All Came Undone','0.98','1',32),(458,'Take It Back, Take It On, Take It Over','7 Seconds','~254','Mp3','Punk',_binary '','','2004','Meant to Be My Own','1.84','2',32),(459,'Take It Back, Take It On, Take It Over','7 Seconds','~241','Mp3','Punk',_binary '','','2004','This is Temporary','1.29','3',32),(460,'Take It Back, Take It On, Take It Over','7 Seconds','~234','Mp3','Punk',_binary '','','2004','My Band, Our Crew','2.09','4',32),(461,'Take It Back, Take It On, Take It Over','7 Seconds','~211','Mp3','Punk',_binary '','','2004','Still on it','2.81','5',32),(462,'Take It Back, Take It On, Take It Over','7 Seconds','~246','Mp3','Punk',_binary '','','2004','Say My Thanks','1.26','6',32),(463,'Take It Back, Take It On, Take It Over','7 Seconds','~250','Mp3','Punk',_binary '','','2004','Big Fall','1.19','7',32),(464,'Take It Back, Take It On, Take It Over','7 Seconds','~234','Mp3','Punk',_binary '','','2004','Stand Here and Just Stare','1.39','8',32),(465,'Take It Back, Take It On, Take It Over','7 Seconds','~238','Mp3','Punk',_binary '','','2004','Where\'s the Danger','1.79','9',32),(466,'Take It Back, Take It On, Take It Over','7 Seconds','~231','Mp3','Punk',_binary '','','2004','Big Hardcore Mystery','2.38','10',32),(467,'Take It Back, Take It On, Take It Over','7 Seconds','~219','Mp3','Punk',_binary '','','2004','Panic Attack','1.72','11',32),(468,'Take It Back, Take It On, Take It Over','7 Seconds','~232','Mp3','Punk',_binary '','','2004','Our Core','1.24','12',32),(469,'Take It Back, Take It On, Take It Over','7 Seconds','~244','Mp3','Punk',_binary '','','2004','Breaking News','1.58','13',32),(470,'Take It Back, Take It On, Take It Over','7 Seconds','~226','Mp3','Punk',_binary '','','2004','One Friend Too Many','1.62','14',32),(471,'Take It Back, Take It On, Take It Over','7 Seconds','~236','Mp3','Punk',_binary '','','2004','You Parents Hardcore','2.53','15',32),(472,'Take It Back, Take It On, Take It Over','7 Seconds','~236','Mp3','Punk',_binary '','','2004','Your Frustrations','1.25','16',32),(473,'Take It Back, Take It On, Take It Over','7 Seconds','~218','Mp3','Punk',_binary '','','2004','Rules to Follow','1.42','17',32),(474,'The Better Youth Years','7 Seconds','192','Mp3','Hardcore',_binary '\0','','2001','here\' s your warning','1.30','',33),(475,'The Better Youth Years','7 Seconds','192','Mp3','Hardcore',_binary '\0','','2001','you lose','0.65','',33),(476,'The Better Youth Years','7 Seconds','192','Mp3','Hardcore',_binary '\0','','2001','not just boys fun','1.50','',33),(477,'The Better Youth Years','7 Seconds','192','Mp3','Hardcore',_binary '\0','','2001','the crew','0.87','',33),(478,'The Better Youth Years','7 Seconds','192','Mp3','Hardcore',_binary '\0','','2001','regress no way','1.17','',33),(479,'The Better Youth Years','7 Seconds','192','Mp3','Hardcore',_binary '\0','','2001','this is the angry pt 2','1.26','',33),(480,'The Better Youth Years','7 Seconds','192','Mp3','Hardcore',_binary '\0','','2001','diehard','0.98','',33),(481,'The Better Youth Years','7 Seconds','192','Mp3','Hardcore',_binary '\0','','2001','in yer face','1.13','',33),(482,'The Better Youth Years','7 Seconds','192','Mp3','Hardcore',_binary '\0','','2001','99 red ballons','3.71','',33),(483,'The Better Youth Years','7 Seconds','192','Mp3','Hardcore',_binary '\0','','2001','definate choice','0.92','',33),(484,'The Better Youth Years','7 Seconds','192','Mp3','Hardcore',_binary '\0','','2001','we\'re gonna fight','3.41','',33),(485,'The Better Youth Years','7 Seconds','192','Mp3','Hardcore',_binary '\0','','2001','out of touch','1.80','',33),(486,'The Better Youth Years','7 Seconds','192','Mp3','Hardcore',_binary '\0','','2001','new wind','1.91','',33),(487,'The Better Youth Years','7 Seconds','192','Mp3','Hardcore',_binary '\0','','2001','i have a dream - live','1.00','',33),(488,'The Better Youth Years','7 Seconds','192','Mp3','Hardcore',_binary '\0','','2001','bully','1.10','',33),(489,'The Better Youth Years','7 Seconds','192','Mp3','Hardcore',_binary '\0','','2001','clentched fists black eyes','1.51','',33),(490,'The Better Youth Years','7 Seconds','192','Mp3','Hardcore',_binary '\0','','2001','walk together rock together','1.83','',33),(491,'The Better Youth Years','7 Seconds','192','Mp3','Hardcore',_binary '\0','','2001','spread','1.17','',33),(492,'The Better Youth Years','7 Seconds','192','Mp3','Hardcore',_binary '\0','','2001','still believe','2.51','',33),(493,'The Better Youth Years','7 Seconds','192','Mp3','Hardcore',_binary '\0','','2001','trust','2.23','',33),(494,'The Better Youth Years','7 Seconds','192','Mp3','Hardcore',_binary '\0','','2001','young until i die','2.02','',33),(495,'The Better Youth Years','7 Seconds','192','Mp3','Hardcore',_binary '\0','','2001','new wind / we\'re gonna fight','4.11','',33),(496,'The Crew','7 Seconds','192','Mp3','Hardcore',_binary '\0','','','Heres Your Warning','1.30','1',34),(497,'The Crew','7 Seconds','192','Mp3','Hardcore',_binary '\0','','','Definite Choice','0.92','2',34),(498,'The Crew','7 Seconds','192','Mp3','Hardcore',_binary '\0','','','Not Just Boys Fun','1.49','3',34),(499,'The Crew','7 Seconds','128','Mp3','Hardcore',_binary '\0','','','This Is Angry Pt 2','1.15','4',34),(500,'The Crew','7 Seconds','128','Mp3','Hardcore',_binary '\0','','','Straight Out','0.41','5',34),(501,'The Crew','7 Seconds','128','Mp3','Hardcore',_binary '\0','','','You Lose','0.60','6',34),(502,'The Crew','7 Seconds','128','Mp3','Hardcore',_binary '\0','','','What If There\'s A War In America','0.71','7',34),(503,'The Crew','7 Seconds','128','Mp3','Hardcore',_binary '\0','','','The Crew','0.86','8',34),(504,'The Crew','7 Seconds','128','Mp3','Hardcore',_binary '\0','','','Clenched Fists, Black Eyes','1.52','9',34),(505,'The Crew','7 Seconds','128','Mp3','Hardcore',_binary '\0','','','Colourblind','1.71','10',34),(506,'The Crew','7 Seconds','128','Mp3','Hardcore',_binary '\0','','','Aim To Please','1.24','11',34),(507,'The Crew','7 Seconds','128','Mp3','Hardcore',_binary '\0','','','Boss','0.75','12',34),(508,'The Crew','7 Seconds','128','Mp3','Hardcore',_binary '\0','','','Young \'til I Die','2.03','13',34),(509,'The Crew','7 Seconds','128','Mp3','Hardcore',_binary '\0','','','Red And Black','0.62','14',34),(510,'The Crew','7 Seconds','128','Mp3','Hardcore',_binary '\0','','','Die Hard','0.96','15',34),(511,'The Crew','7 Seconds','128','Mp3','Hardcore',_binary '\0','','','I Have A Dream','1.01','16',34),(512,'The Crew','7 Seconds','128','Mp3','Hardcore',_binary '\0','','','Bully','1.08','17',34),(513,'The Crew','7 Seconds','128','Mp3','Hardcore',_binary '\0','','','Trust','2.25','18',34),(514,'The Music, The Message','7 Seconds','320','Mp3','Alternative',_binary '\0','Revelation','1995','Ghost','1.64','1',35),(515,'The Music, The Message','7 Seconds','320','Mp3','Alternative',_binary '\0','Revelation','1995','Such & Such','1.86','2',35),(516,'The Music, The Message','7 Seconds','320','Mp3','Alternative',_binary '\0','Revelation','1995','The Music, the Message','2.49','3',35),(517,'The Music, The Message','7 Seconds','320','Mp3','Alternative',_binary '\0','Revelation','1995','Kinda Future','1.94','4',35),(518,'The Music, The Message','7 Seconds','320','Mp3','Alternative',_binary '\0','Revelation','1995','My Gravity','2.57','5',35),(519,'The Music, The Message','7 Seconds','320','Mp3','Alternative',_binary '\0','Revelation','1995','See You Tomorrow','3.39','6',35),(520,'The Music, The Message','7 Seconds','320','Mp3','Alternative',_binary '\0','Revelation','1995','Get a Different Life','2.08','7',35),(521,'The Music, The Message','7 Seconds','320','Mp3','Alternative',_binary '\0','Revelation','1995','Talkbox','3.08','8',35),(522,'The Music, The Message','7 Seconds','320','Mp3','Alternative',_binary '\0','Revelation','1995','My List','2.19','9',35),(523,'The Music, The Message','7 Seconds','320','Mp3','Alternative',_binary '\0','Revelation','1995','First Ya Told Us','2.08','10',35),(524,'The Music, The Message','7 Seconds','320','Mp3','Alternative',_binary '\0','Revelation','1995','Born Without a Mind','1.96','11',35),(525,'The Music, The Message','7 Seconds','320','Mp3','Alternative',_binary '\0','Revelation','1995','Punk Rock Teeth','4.17','12',35),(526,'The Music, The Message','7 Seconds','320','Mp3','Alternative',_binary '\0','Revelation','1995','Girl Song','2.13','13',35),(527,'The Music, The Message','7 Seconds','320','Mp3','Alternative',_binary '\0','Revelation','1995','I Can Remember','1.69','14',35),(528,'The Music, The Message','7 Seconds','320','Mp3','Alternative',_binary '\0','Revelation','1995','Even Better Plan','1.93','15',35),(529,'The Music, The Message','7 Seconds','128','Mp3','Other',_binary '\0','','','7 Seconds - If The Kids Are United','3.12','00',35),(530,'Walk Together, Rock Together','7 Seconds','128','Mp3','',_binary '\0','','','Regress No Way','1.16','1',36),(531,'Walk Together, Rock Together','7 Seconds','128','Mp3','',_binary '\0','','','We\'re Gonna Fight','3.42','2',36),(532,'Walk Together, Rock Together','7 Seconds','128','Mp3','',_binary '\0','','','In Your Face','1.12','3',36),(533,'Walk Together, Rock Together','7 Seconds','128','Mp3','',_binary '\0','','','Spread','1.15','4',36),(534,'Walk Together, Rock Together','7 Seconds','128','Mp3','',_binary '\0','','','99 Red Balloons','3.70','5',36),(535,'Walk Together, Rock Together','7 Seconds','128','Mp3','',_binary '\0','','','Remains To Be Seen','1.52','6',36),(536,'Walk Together, Rock Together','7 Seconds','128','Mp3','',_binary '\0','','','Walk Together, Rock Together','1.82','7',36),(537,'Walk Together, Rock Together','7 Seconds','128','Mp3','',_binary '\0','','','How Do You Think You\'d Feel?','1.58','8',36),(538,'Walk Together, Rock Together','7 Seconds','128','Mp3','',_binary '\0','','','Strength','2.41','9',36),(539,'Walk Together, Rock Together','7 Seconds','128','Mp3','',_binary '\0','','','Still Believe','1.66','10',36),(540,'Walk Together, Rock Together','7 Seconds','128','Mp3','',_binary '\0','','','Out Of Touch','1.83','11',36),(541,'Walk Together, Rock Together','7 Seconds','128','Mp3','',_binary '\0','','','Drug Control','0.76','12',36),(542,'Walk Together, Rock Together','7 Seconds','128','Mp3','',_binary '\0','','','Bottomless Pit','1.39','13',36),(543,'Walk Together, Rock Together','7 Seconds','128','Mp3','',_binary '\0','','','This Is The Angry Part 2','5.28','14',36),(544,'70\'s Essential Collection','70\'s Collection','192','Wma','',_binary '\0','','','','4.25','1',37),(545,'70\'s Essential Collection','70\'s Collection','192','Wma','Easy Listening',_binary '\0','','','Never Can Say Goodbye','3.10','2',37),(546,'70\'s Essential Collection','70\'s Collection','192','Wma','Easy Listening',_binary '\0','','','Everybody','3.92','3',37),(547,'70\'s Essential Collection','70\'s Collection','192','Wma','Easy Listening',_binary '\0','','','Soul Sacrifice','4.91','4',37),(548,'70\'s Essential Collection','70\'s Collection','192','Wma','Easy Listening',_binary '\0','','','You\'re So Vain','4.33','5',37),(549,'70\'s Essential Collection','70\'s Collection','192','Wma','Easy Listening',_binary '\0','','','(Not Just) Knee Deep','4.45','6',37),(550,'70\'s Essential Collection','70\'s Collection','192','Wma','Easy Listening',_binary '\0','','','The Bottle','5.27','7',37),(551,'70\'s Essential Collection','70\'s Collection','192','Wma','Easy Listening',_binary '\0','','','Up Around The Bend','2.92','8',37),(552,'70\'s Essential Collection','70\'s Collection','192','Wma','Easy Listening',_binary '\0','','','We Cannot Dance','4.62','9',37),(553,'70\'s Essential Collection','70\'s Collection','192','Wma','Easy Listening',_binary '\0','','','Eternal Love','3.13','10',37),(554,'70\'s Essential Collection','70\'s Collection','192','Wma','Easy Listening',_binary '\0','','','Flashlight','3.63','11',37),(555,'70\'s Essential Collection','70\'s Collection','192','Wma','Easy Listening',_binary '\0','','','LA Jam','3.30','12',37),(556,'70\'s Essential Collection','70\'s Collection','192','Wma','Easy Listening',_binary '\0','','','Listen to the Music','3.09','13',37),(557,'70\'s Essential Collection','70\'s Collection','192','Wma','Easy Listening',_binary '\0','','','Making Love to the Radio','4.84','14',37),(558,'70\'s Essential Collection','70\'s Collection','192','Wma','Easy Listening',_binary '\0','','','Move Your Body','3.20','15',37),(559,'70\'s Essential Collection','70\'s Collection','192','Wma','Easy Listening',_binary '\0','','','Only Way Is Up','4.25','16',37),(560,'70\'s Essential Collection','70\'s Collection','192','Wma','Easy Listening',_binary '\0','','','To The Top','2.89','17',37),(561,'70\'s Essential Collection','70\'s Collection','192','Wma','Easy Listening',_binary '\0','','','Those Games','2.63','18',37),(562,'70\'s Essential Collection','70\'s Collection','192','Wma','Easy Listening',_binary '\0','','','Shaking the Night','3.23','19',37),(563,'70\'s Essential Collection','70\'s Collection','192','Wma','Easy Listening',_binary '\0','','','My Favourite Song','2.66','20',37),(564,'70\'s Grooves','70\'s Collection','192','Wma','',_binary '\0','','','','4.18','1',38),(565,'70\'s Grooves','70\'s Collection','192','Wma','Pop',_binary '\0','','','Heaven must be missing an angel','3.46','2',38),(566,'70\'s Grooves','70\'s Collection','192','Wma','Pop',_binary '\0','','','When Will I See You Again','2.94','3',38),(567,'70\'s Grooves','70\'s Collection','192','Wma','Pop',_binary '\0','','','Always And Forever','5.10','4',38),(568,'70\'s Grooves','70\'s Collection','192','Wma','Pop',_binary '\0','','','Lets Get It On','5.38','5',38),(569,'70\'s Grooves','70\'s Collection','192','Wma','Pop',_binary '\0','','','Feel The Need In Me','3.30','6',38),(570,'70\'s Grooves','70\'s Collection','192','Wma','Pop',_binary '\0','','','Knock On Wood','3.39','7',38),(571,'70\'s Grooves','70\'s Collection','192','Wma','Pop',_binary '\0','','','Get Up Offa That Thing','2.32','8',38),(572,'70\'s Hits','70\'s Collection','192','Wma','',_binary '\0','','','','3.62','1',39),(573,'70\'s Hits','70\'s Collection','192','Wma','Easy Listening',_binary '\0','','','Love Train','2.97','2',39),(574,'70\'s Hits','70\'s Collection','192','Wma','Easy Listening',_binary '\0','','','Mr Blue Sky','5.11','3',39),(575,'70\'s Hits','70\'s Collection','192','Wma','Easy Listening',_binary '\0','','','Harvest For The World','3.91','4',39),(576,'70\'s Hits','70\'s Collection','192','Wma','Easy Listening',_binary '\0','','','All The Young Dudes','3.53','5',39),(577,'70\'s Hits','70\'s Collection','192','Wma','Easy Listening',_binary '\0','','','Best Of My Love','3.72','6',39),(578,'70\'s Hits','70\'s Collection','192','Wma','Easy Listening',_binary '\0','','','Sylvia\'s Mother','3.82','7',39),(579,'70\'s Hits','70\'s Collection','192','Wma','Easy Listening',_binary '\0','','','Family Affair','3.07','8',39),(580,'70\'s Ultimate Collection','70\'s Collection','192','Wma','Pop',_binary '\0','','','Blame It On The Boogie','3.57','1',40),(581,'70\'s Ultimate Collection','70\'s Collection','192','Wma','Pop',_binary '\0','','','Boogie Wonderland','4.82','2',40),(582,'70\'s Ultimate Collection','70\'s Collection','192','Wma','Pop',_binary '\0','','','It\'s A Disco Night (Rock Don\'t Stop)','4.24','3',40),(583,'70\'s Ultimate Collection','70\'s Collection','192','Wma','Pop',_binary '\0','','','Me & Mrs Jones','3.62','4',40),(584,'70\'s Ultimate Collection','70\'s Collection','192','Wma','Pop',_binary '\0','','','If You Don\'t Know Me By Now','3.42','5',40),(585,'70\'s Ultimate Collection','70\'s Collection','192','Wma','Pop',_binary '\0','','','Take Good Care Of Yourself','3.08','6',40),(586,'70\'s Ultimate Collection','70\'s Collection','192','Wma','Pop',_binary '\0','','','Dance Little Lady Dance','3.16','7',40),(587,'70\'s Ultimate Collection','70\'s Collection','192','Wma','Pop',_binary '\0','','','That Disco Beat','3.49','8',40),(588,'70\'s Ultimate Collection','70\'s Collection','192','Wma','Pop',_binary '\0','','','Walkin\' Away Tonight','4.90','9',40),(589,'70\'s Ultimate Collection','70\'s Collection','192','Wma','Pop',_binary '\0','','','Dance My Dance','4.11','10',40),(590,'70\'s Ultimate Collection','70\'s Collection','192','Wma','Pop',_binary '\0','','','Free Yourself Now','3.93','11',40),(591,'70\'s Ultimate Collection','70\'s Collection','192','Wma','Pop',_binary '\0','','','Poster Girl','4.89','12',40),(592,'70\'s Ultimate Collection','70\'s Collection','192','Wma','Pop',_binary '\0','','','Copycat','3.73','13',40),(593,'70\'s Ultimate Collection','70\'s Collection','192','Wma','Pop',_binary '\0','','','Feel Good ','4.60','14',40),(594,'70\'s Ultimate Collection','70\'s Collection','192','Wma','Pop',_binary '\0','','','One Plus','4.20','15',40),(595,'70s Disco Fever','70\'s Collection','192','Wma','Pop',_binary '\0','','','Get Up Offa That Thing','2.35','1',41),(596,'70s Disco Fever','70\'s Collection','192','Wma','Pop',_binary '\0','','','Armed And Extremely Dangerous','2.82','2',41),(597,'70s Disco Fever','70\'s Collection','192','Wma','Pop',_binary '\0','','','More Than A Woman','3.51','3',41),(598,'70s Disco Fever','70\'s Collection','192','Wma','Pop',_binary '\0','','','Let\'s Get It On','5.38','4',41),(599,'70s Disco Fever','70\'s Collection','192','Wma','Pop',_binary '\0','','','Feel The Need In Me','3.32','5',41),(600,'70s Disco Fever','70\'s Collection','192','Wma','Pop',_binary '\0','','','Always And Forever','5.11','6',41),(601,'70s Disco Fever','70\'s Collection','192','Wma','Pop',_binary '\0','','','When Will I See You Again','2.94','7',41),(602,'70s Disco Fever','70\'s Collection','192','Wma','Pop',_binary '\0','','','Is It Love You\'re After','4.86','8',41),(603,'13','Blur','192','Wma','ROCK',_binary '\0','Food/Virgin','1999','Tender','7.69','1',42),(604,'13','Blur','192','Wma','ROCK',_binary '\0','Food/Virgin','1999','Bugman','4.81','2',42),(605,'13','Blur','192','Wma','ROCK',_binary '\0','Food/Virgin','1999','Coffee & TV','5.98','3',42),(606,'13','Blur','192','Wma','ROCK',_binary '\0','Food/Virgin','1999','Swamp Song','4.61','4',42),(607,'13','Blur','192','Wma','ROCK',_binary '\0','Food/Virgin','1999','1992','5.49','5',42),(608,'13','Blur','192','Wma','ROCK',_binary '\0','Food/Virgin','1999','B.L.U.R.E.M.I.','2.87','6',42),(609,'13','Blur','192','Wma','ROCK',_binary '\0','Food/Virgin','1999','Battle','7.74','7',42),(610,'13','Blur','192','Wma','ROCK',_binary '\0','Food/Virgin','1999','Mellow Song','3.95','8',42),(611,'13','Blur','192','Wma','ROCK',_binary '\0','Food/Virgin','1999','Trailer Park','4.45','9',42),(612,'13','Blur','192','Wma','ROCK',_binary '\0','Food/Virgin','1999','Caramel','7.63','10',42),(613,'13','Blur','192','Wma','ROCK',_binary '\0','Food/Virgin','1999','Trimm Trabb','5.62','11',42),(614,'13','Blur','192','Wma','ROCK',_binary '\0','Food/Virgin','1999','No Distance Left to Run','3.46','12',42),(615,'13','Blur','192','Wma','ROCK',_binary '\0','Food/Virgin','1999','Optigan 1','2.60','13',42),(616,'Blur','Blur','192','Wma','ROCK',_binary '\0','EMI','1997','Beetlebum','5.09','1',43),(617,'Blur','Blur','192','Wma','ROCK',_binary '\0','EMI','1997','Song 2','2.04','2',43),(618,'Blur','Blur','192','Wma','ROCK',_binary '\0','EMI','1997','Country Sad Ballad Man','4.84','3',43),(619,'Blur','Blur','192','Wma','ROCK',_binary '\0','EMI','1997','M.O.R.','3.45','4',43),(620,'Blur','Blur','192','Wma','ROCK',_binary '\0','EMI','1997','On Your Own','4.45','5',43),(621,'Blur','Blur','192','Wma','ROCK',_binary '\0','EMI','1997','Theme from Retro','3.63','6',43),(622,'Blur','Blur','192','Wma','ROCK',_binary '\0','EMI','1997','You\'re So Great','3.60','7',43),(623,'Blur','Blur','192','Wma','ROCK',_binary '\0','EMI','1997','Death of a Party','4.56','8',43),(624,'Blur','Blur','192','Wma','ROCK',_binary '\0','EMI','1997','Chinese Bombs','1.41','9',43),(625,'Blur','Blur','192','Wma','ROCK',_binary '\0','EMI','1997','I\'m Just a Killer for Your Love','4.21','10',43),(626,'Blur','Blur','192','Wma','ROCK',_binary '\0','EMI','1997','Look Inside America','3.85','11',43),(627,'Blur','Blur','192','Wma','ROCK',_binary '\0','EMI','1997','Strange News from Another Star','4.05','12',43),(628,'Blur','Blur','192','Wma','ROCK',_binary '\0','EMI','1997','Movin\' On','3.75','13',43),(629,'Blur','Blur','192','Wma','ROCK',_binary '\0','EMI','1997','Essex Dogs','6.30','14',43),(630,'Blur','Blur','192','Wma','ROCK',_binary '\0','EMI','1997','Dancehall','5.09','15',43),(631,'Leisure','Blur','192','Wma','ROCK',_binary '\0','Food','1996','She\'s So High','4.74','1',44),(632,'Leisure','Blur','192','Wma','ROCK',_binary '\0','Food','1996','There\'s No Other Way','3.63','2',44),(633,'Leisure','Blur','192','Wma','ROCK',_binary '\0','Food','1996','Bang','3.18','3',44),(634,'Leisure','Blur','192','Wma','ROCK',_binary '\0','Food','1996','I Know','5.43','4',44),(635,'Leisure','Blur','192','Wma','ROCK',_binary '\0','Food','1996','Slow Down','4.41','5',44),(636,'Leisure','Blur','192','Wma','ROCK',_binary '\0','Food','1996','Repetition','6.01','6',44),(637,'Leisure','Blur','192','Wma','ROCK',_binary '\0','Food','1996','Bad Day','3.40','7',44),(638,'Leisure','Blur','192','Wma','ROCK',_binary '\0','Food','1996','High Cool','3.26','8',44),(639,'Leisure','Blur','192','Wma','ROCK',_binary '\0','Food','1996','Come Together','3.87','9',44),(640,'Leisure','Blur','192','Wma','ROCK',_binary '\0','Food','1996','Fool','3.63','10',44),(641,'Leisure','Blur','192','Wma','ROCK',_binary '\0','Food','1996','Birthday','3.83','11',44),(642,'Leisure','Blur','192','Wma','ROCK',_binary '\0','Food','1996','Wear Me Down','4.82','12',44),(643,'Modern Life Is Rubbish','Blur','192','Wma','ROCK',_binary '\0','EMI','1993','For Tomorrow','4.33','1',45),(644,'Modern Life Is Rubbish','Blur','192','Wma','ROCK',_binary '\0','EMI','1993','Advert','3.75','2',45),(645,'Modern Life Is Rubbish','Blur','192','Wma','ROCK',_binary '\0','EMI','1993','Colin Zeal','3.27','3',45),(646,'Modern Life Is Rubbish','Blur','192','Wma','ROCK',_binary '\0','EMI','1993','Pressure on Julian','3.53','4',45),(647,'Modern Life Is Rubbish','Blur','192','Wma','ROCK',_binary '\0','EMI','1993','Star Shaped','3.44','5',45),(648,'Modern Life Is Rubbish','Blur','192','Wma','ROCK',_binary '\0','EMI','1993','Blue Jeans','3.91','6',45),(649,'Modern Life Is Rubbish','Blur','192','Wma','ROCK',_binary '\0','EMI','1993','Chemical World','3.76','7',45),(650,'Modern Life Is Rubbish','Blur','192','Wma','ROCK',_binary '\0','EMI','1993','Intermission','2.48','8',45),(651,'Modern Life Is Rubbish','Blur','192','Wma','ROCK',_binary '\0','EMI','1993','Sunday, Sunday','2.63','9',45),(652,'Modern Life Is Rubbish','Blur','192','Wma','ROCK',_binary '\0','EMI','1993','Oily Water','5.01','10',45),(653,'Modern Life Is Rubbish','Blur','192','Wma','ROCK',_binary '\0','EMI','1993','Miss America','5.58','11',45),(654,'Modern Life Is Rubbish','Blur','192','Wma','ROCK',_binary '\0','EMI','1993','Villa Rosie','3.91','12',45),(655,'Modern Life Is Rubbish','Blur','192','Wma','ROCK',_binary '\0','EMI','1993','Coping','3.41','13',45),(656,'Modern Life Is Rubbish','Blur','192','Wma','ROCK',_binary '\0','EMI','1993','Turn It Up','3.36','14',45),(657,'Modern Life Is Rubbish','Blur','192','Wma','ROCK',_binary '\0','EMI','1993','Pop Scene','3.24','15',45),(658,'Modern Life Is Rubbish','Blur','192','Wma','ROCK',_binary '\0','EMI','1993','Resigned','5.24','16',45),(659,'Modern Life Is Rubbish','Blur','192','Wma','ROCK',_binary '\0','EMI','1993','Commercial Break','0.93','17',45),(660,'Modern Life Is Rubbish','Blur','192','Wma','ROCK',_binary '\0','EMI','1993','[Silence]','0.13','67',45),(661,'Modern Life Is Rubbish','Blur','192','Wma','ROCK',_binary '\0','EMI','1993','When The Cows Come Home','3.83','68',45),(662,'Modern Life Is Rubbish','Blur','192','Wma','ROCK',_binary '\0','EMI','1993','Peach','3.94','69',45),(663,'Parklife','Blur','192','Wma','ROCK',_binary '\0','Japanese Import','1994','Girls & Boys','4.85','1',46),(664,'Parklife','Blur','192','Wma','ROCK',_binary '\0','Japanese Import','1994','Tracy Jacks','4.35','2',46),(665,'Parklife','Blur','192','Wma','ROCK',_binary '\0','Japanese Import','1994','End of a Century','2.77','3',46),(666,'Parklife','Blur','192','Wma','ROCK',_binary '\0','Japanese Import','1994','Parklife','3.10','4',46),(667,'Parklife','Blur','192','Wma','ROCK',_binary '\0','Japanese Import','1994','Bank Holiday','1.71','5',46),(668,'Parklife','Blur','192','Wma','ROCK',_binary '\0','Japanese Import','1994','Badhead','3.44','6',46),(669,'Parklife','Blur','192','Wma','ROCK',_binary '\0','Japanese Import','1994','The Debt Collector','2.19','7',46),(670,'Parklife','Blur','192','Wma','ROCK',_binary '\0','Japanese Import','1994','Far Out','1.63','8',46),(671,'Parklife','Blur','192','Wma','ROCK',_binary '\0','Japanese Import','1994','To the End','4.09','9',46),(672,'Parklife','Blur','192','Wma','ROCK',_binary '\0','Japanese Import','1994','London Loves','4.25','10',46),(673,'Parklife','Blur','192','Wma','ROCK',_binary '\0','Japanese Import','1994','Trouble in the Message Centre','4.17','11',46),(674,'Parklife','Blur','192','Wma','ROCK',_binary '\0','Japanese Import','1994','Clover over Dover','3.39','12',46),(675,'Parklife','Blur','192','Wma','ROCK',_binary '\0','Japanese Import','1994','Magic America','3.63','13',46),(676,'Parklife','Blur','192','Wma','ROCK',_binary '\0','Japanese Import','1994','Jubilee','2.80','14',46),(677,'Parklife','Blur','192','Wma','ROCK',_binary '\0','Japanese Import','1994','This Is a Low','5.28','15',46),(678,'Parklife','Blur','192','Wma','ROCK',_binary '\0','Japanese Import','1994','Lot 105','1.32','16',46),(679,'Singles','Blur','192','Wma','ROCK',_binary '\0','Food','1997','Beetlebum','5.09','1',47),(680,'Singles','Blur','192','Wma','ROCK',_binary '\0','Food','1997','All Your Life','4.19','2',47),(681,'Singles','Blur','192','Wma','ROCK',_binary '\0','Food','1997','A Spell for Money','3.52','3',47),(682,'Singles','Blur','192','Wma','ROCK',_binary '\0','Food','1997','Beetlebum','5.09','1',47),(683,'Singles','Blur','192','Wma','ROCK',_binary '\0','Food','1997','Beetlebum [Mario Caldato, Jr. Mix]','5.16','2',47),(684,'Singles','Blur','192','Wma','ROCK',_binary '\0','Food','1997','Woodpigeon Song','1.70','3',47),(685,'Singles','Blur','192','Wma','ROCK',_binary '\0','Food','1997','Dancehall','3.19','4',47),(686,'Singles','Blur','192','Wma','ROCK',_binary '\0','Food','1996','Charmless Man','3.57','1',47),(687,'Singles','Blur','192','Wma','ROCK',_binary '\0','Food','1996','The Horrors','3.31','2',47),(688,'Singles','Blur','192','Wma','ROCK',_binary '\0','Food','1996','A Song','1.75','3',47),(689,'Singles','Blur','192','Wma','ROCK',_binary '\0','Food','1996','St. Louis','3.22','4',47),(690,'Singles','Blur','192','Wma','ROCK',_binary '\0','Food Records','1993','Chemical World','3.89','1',47),(691,'Singles','Blur','192','Wma','ROCK',_binary '\0','Food Records','1993','Young and Lovely','5.07','2',47),(692,'Singles','Blur','192','Wma','ROCK',_binary '\0','Food Records','1993','Es Schmecht','3.64','3',47),(693,'Singles','Blur','192','Wma','ROCK',_binary '\0','Food Records','1993','My Ark','5.94','4',47),(694,'Singles','Blur','192','Wma','ROCK',_binary '\0','EMI','1999','Coffee + TV','5.32','1',47),(695,'Singles','Blur','192','Wma','ROCK',_binary '\0','EMI','1999','X-Offender (Damon / Control Freak\'s Bugman Remix)','5.72','2',47),(696,'Singles','Blur','192','Wma','ROCK',_binary '\0','EMI','1999','Coyote (Dave\'s Bugman Remix)','3.81','3',47),(697,'Singles','Blur','192','Wma','ROCK',_binary '\0','EMI','1999','Coffee + TV','5.32','1',47),(698,'Singles','Blur','192','Wma','ROCK',_binary '\0','EMI','1999','Trade Stylee (Alex\'s Bugman Remix)','5.98','2',47),(699,'Singles','Blur','192','Wma','ROCK',_binary '\0','EMI','1999','Metal Hip Slop (Graham\'s Bugman Remix)','4.27','3',47),(700,'Singles','Blur','192','Wma','ROCK',_binary '\0','Food','2002','Country House','3.98','1',47),(701,'Singles','Blur','192','Wma','ROCK',_binary '\0','Food','2002','One Born Every Minute','2.30','2',47),(702,'Singles','Blur','192','Wma','ROCK',_binary '\0','Food','2002','To the End (French Version)','5.10','3',47),(703,'Singles','Blur','192','Wma','ROCK',_binary '\0','Food','1995','Country House','5.05','1',47),(704,'Singles','Blur','192','Wma','ROCK',_binary '\0','Food','1995','Girls & Boys','5.11','2',47),(705,'Singles','Blur','192','Wma','ROCK',_binary '\0','Food','1995','Parklife','3.70','3',47),(706,'Singles','Blur','192','Wma','ROCK',_binary '\0','Food','1995','For Tomorrow','8.17','4',47),(707,'Singles','Blur','192','Wma','ROCK',_binary '\0','Food','1996','End of a Century','2.79','1',47),(708,'Singles','Blur','192','Wma','ROCK',_binary '\0','Food','1996','Rednecks','3.06','2',47),(709,'Singles','Blur','192','Wma','ROCK',_binary '\0','Food','1996','Alex\'s Song','2.70','3',47),(710,'Singles','Blur','192','Wma','ROCK',_binary '\0','Capitol','1994','Girls & Boys','4.33','1',47),(711,'Singles','Blur','192','Wma','ROCK',_binary '\0','Capitol','1994','Magpie','4.28','2',47),(712,'Singles','Blur','192','Wma','ROCK',_binary '\0','Capitol','1994','Anniversary Waltz','1.39','3',47),(713,'Singles','Blur','192','Wma','ROCK',_binary '\0','Food','1994','Girls & Boys','4.33','1',47),(714,'Singles','Blur','192','Wma','ROCK',_binary '\0','Food','1994','People in Europe','3.50','2',47),(715,'Singles','Blur','192','Wma','ROCK',_binary '\0','Food','1994','Peter Panic','4.33','3',47),(716,'Singles','Blur','192','Wma','ROCK',_binary '\0','Food','1997','M.O.R. [Road Version]','3.23','1',47),(717,'Singles','Blur','192','Wma','ROCK',_binary '\0','Food','1997','Swallows in the Heatwave','2.56','2',47),(718,'Singles','Blur','192','Wma','ROCK',_binary '\0','Food','1997','Movin\' On [William Orbit Remix]','8.01','3',47),(719,'Singles','Blur','192','Wma','ROCK',_binary '\0','Food','1997','Beetlebum [Moby\'s Minimal House Mix]','6.27','4',47),(720,'Singles','Blur','192','Wma','ROCK',_binary '\0','','','Music Is My Radar','4.35','1',47),(721,'Singles','Blur','192','Wma','ROCK',_binary '\0','','','Black Book','8.50','2',47),(722,'Singles','Blur','192','Wma','ROCK',_binary '\0','','','Headist / Into Another','3.75','3',47),(723,'Singles','Blur','192','Wma','ROCK',_binary '\0','','','Music Is My Radar','4.35','1',47),(724,'Singles','Blur','192','Wma','ROCK',_binary '\0','','','7 Days (live)','3.47','2',47),(725,'Singles','Blur','192','Wma','ROCK',_binary '\0','','','She\'s So High (live)','4.74','3',47),(726,'Singles','Blur','192','Wma','ROCK',_binary '\0','EMI','1999','No Distance Left To Run','3.47','1',47),(727,'Singles','Blur','192','Wma','ROCK',_binary '\0','EMI','1999','Tender Cornelius Remix','5.39','2',47),(728,'Singles','Blur','192','Wma','ROCK',_binary '\0','EMI','1999','So You','4.25','3',47),(729,'Singles','Blur','192','Wma','ROCK',_binary '\0','EMI','1999','No Distance Left to Run','3.47','1',47),(730,'Singles','Blur','192','Wma','ROCK',_binary '\0','EMI','1999','Battle UNKLE Remix','7.26','2',47),(731,'Singles','Blur','192','Wma','ROCK',_binary '\0','EMI','1999','Beagle 2','2.90','3',47),(732,'Singles','Blur','192','Wma','ROCK',_binary '\0','Food','1997','On Your Own','4.45','1',47),(733,'Singles','Blur','192','Wma','ROCK',_binary '\0','Food','1997','Pop Scene [Live]','2.99','2',47),(734,'Singles','Blur','192','Wma','ROCK',_binary '\0','Food','1997','Song 2 [Live]','1.93','3',47),(735,'Singles','Blur','192','Wma','ROCK',_binary '\0','Food','1997','On Your Own [Live]','4.79','4',47),(736,'Singles','Blur','192','Wma','ROCK',_binary '\0','EMI','1997','On Your Own','4.45','1',47),(737,'Singles','Blur','192','Wma','ROCK',_binary '\0','EMI','1997','Chinese Bombs [Live]','1.24','2',47),(738,'Singles','Blur','192','Wma','ROCK',_binary '\0','EMI','1997','Movin\' On [Live]','3.34','3',47),(739,'Singles','Blur','192','Wma','ROCK',_binary '\0','EMI','1997','M.O.R. [Live]','3.00','4',47),(740,'Singles','Blur','192','Wma','ROCK',_binary '\0','Parlaphone','2003','Out Of Time','3.87','1',47),(741,'Singles','Blur','192','Wma','ROCK',_binary '\0','Parlaphone','2003','Money Makes Me Crazy (Marrakech Mix)','2.87','2',47),(742,'Singles','Blur','192','Wma','ROCK',_binary '\0','Parlaphone','2003','Tune 2','3.77','3',47),(743,'Singles','Blur','192','Wma','ROCK',_binary '\0','Food','1994','Parklife','3.12','1',47),(744,'Singles','Blur','192','Wma','ROCK',_binary '\0','Food','1994','Supa Shoppa','3.05','2',47),(745,'Singles','Blur','192','Wma','ROCK',_binary '\0','Food','1994','Theme from an Imaginary Film','3.58','3',47),(746,'Singles','Blur','192','Wma','ROCK',_binary '\0','Food','1994','Parklife','3.12','1',47),(747,'Singles','Blur','192','Wma','ROCK',_binary '\0','Food','1994','Beard','1.76','2',47),(748,'Singles','Blur','192','Wma','ROCK',_binary '\0','Food','1994','To the End [French Version]','4.09','3',47),(749,'Singles','Blur','192','Wma','ROCK',_binary '\0','Food','1997','Song 2','2.06','1',47),(750,'Singles','Blur','192','Wma','ROCK',_binary '\0','Food','1997','Get Out of Cities','4.04','2',47),(751,'Singles','Blur','192','Wma','ROCK',_binary '\0','Food','1997','Polished Stone','2.71','3',47),(752,'Singles','Blur','192','Wma','ROCK',_binary '\0','Food','1997','Song 2','2.04','1',47),(753,'Singles','Blur','192','Wma','ROCK',_binary '\0','Food','1997','Bustin\' + Dronin\'','6.53','2',47),(754,'Singles','Blur','192','Wma','ROCK',_binary '\0','Food','1997','Country Sad Ballad Man [Live Acoustic Version]','4.96','3',47),(755,'Singles','Blur','192','Wma','ROCK',_binary '\0','Food/Parlophone','1996','Stereotypes','3.19','1',47),(756,'Singles','Blur','192','Wma','ROCK',_binary '\0','Food/Parlophone','1996','The Man Who Left Himself','3.36','2',47),(757,'Singles','Blur','192','Wma','ROCK',_binary '\0','Food/Parlophone','1996','Tame','4.78','3',47),(758,'Singles','Blur','192','Wma','ROCK',_binary '\0','Food/Parlophone','1996','Ludwig','2.41','4',47),(759,'Singles','Blur','192','Wma','ROCK',_binary '\0','Import','1999','Tender','7.69','1',47),(760,'Singles','Blur','192','Wma','ROCK',_binary '\0','Import','1999','French Song','8.32','2',47),(761,'Singles','Blur','192','Wma','ROCK',_binary '\0','Import','1999','Song 2','2.04','3',47),(762,'Singles','Blur','192','Wma','ROCK',_binary '\0','Import','1999','Tender','7.69','1',47),(763,'Singles','Blur','192','Wma','ROCK',_binary '\0','Import','1999','All We Want','4.56','2',47),(764,'Singles','Blur','192','Wma','ROCK',_binary '\0','Import','1999','Mellow Jam','3.93','3',47),(765,'Singles','Blur','192','Wma','ROCK',_binary '\0','Food/Parlophone','1996','The Universal','4.01','1',47),(766,'Singles','Blur','192','Wma','ROCK',_binary '\0','Food/Parlophone','1996','Ultranol','2.71','2',47),(767,'Singles','Blur','192','Wma','ROCK',_binary '\0','Food/Parlophone','1996','No Monsters in Me','3.67','3',47),(768,'Singles','Blur','192','Wma','ROCK',_binary '\0','Food/Parlophone','1996','Entertain Me [The Live It! Remix]','7.29','4',47),(769,'Singles','Blur','192','Wma','ROCK',_binary '\0','Food/Parlophone','1996','The Universal','4.20','1',47),(770,'Singles','Blur','192','Wma','ROCK',_binary '\0','Food/Parlophone','1996','Mr. Robinson\'s Quango','4.16','2',47),(771,'Singles','Blur','192','Wma','ROCK',_binary '\0','Food/Parlophone','1996','It Could Be You','3.37','3',47),(772,'Singles','Blur','192','Wma','ROCK',_binary '\0','Food/Parlophone','1996','Stereotypes','3.27','4',47),(773,'Singles','Blur','192','Wma','ROCK',_binary '\0','Food','1994','To The End','3.86','1',47),(774,'Singles','Blur','192','Wma','ROCK',_binary '\0','Food','1994','Girls & Boys [Pet Shop Boys 7\" Remix]','4.07','2',47),(775,'Singles','Blur','192','Wma','ROCK',_binary '\0','Food','1994','Girls & Boys [Pet Shop Boys 12\" Remix]','7.27','3',47),(776,'Singles','Blur','192','Wma','ROCK',_binary '\0','','','To The End','3.87','1',47),(777,'Singles','Blur','192','Wma','ROCK',_binary '\0','','','Threadneedle Street','3.31','2',47),(778,'Singles','Blur','192','Wma','ROCK',_binary '\0','','','Got Yer!','1.81','3',47),(779,'The Best of Blur','Blur','192','Wma','ROCK',_binary '\0','Food/Virgin','2000','Beetlebum','5.09','1',48),(780,'The Best of Blur','Blur','192','Wma','ROCK',_binary '\0','Food/Virgin','2000','Song 2','2.03','2',48),(781,'The Best of Blur','Blur','192','Wma','ROCK',_binary '\0','Food/Virgin','2000','There\'s No Other Way','3.23','3',48),(782,'The Best of Blur','Blur','192','Wma','ROCK',_binary '\0','Food/Virgin','2000','The Universal','4.00','4',48),(783,'The Best of Blur','Blur','192','Wma','ROCK',_binary '\0','Food/Virgin','2000','Coffee & TV','5.31','5',48),(784,'The Best of Blur','Blur','192','Wma','ROCK',_binary '\0','Food/Virgin','2000','Parklife','3.12','6',48),(785,'The Best of Blur','Blur','192','Wma','ROCK',_binary '\0','Food/Virgin','2000','End of a Century','2.78','7',48),(786,'The Best of Blur','Blur','192','Wma','ROCK',_binary '\0','Food/Virgin','2000','No Distance Left to Run','3.44','8',48),(787,'The Best of Blur','Blur','192','Wma','ROCK',_binary '\0','Food/Virgin','2000','Tender','7.69','9',48),(788,'The Best of Blur','Blur','192','Wma','ROCK',_binary '\0','Food/Virgin','2000','Girls & Boys','4.31','10',48),(789,'The Best of Blur','Blur','192','Wma','ROCK',_binary '\0','Food/Virgin','2000','Charmless Man','3.56','11',48),(790,'The Best of Blur','Blur','192','Wma','ROCK',_binary '\0','Food/Virgin','2000','She\'s So High','3.83','12',48),(791,'The Best of Blur','Blur','192','Wma','ROCK',_binary '\0','Food/Virgin','2000','Country House','3.96','13',48),(792,'The Best of Blur','Blur','192','Wma','ROCK',_binary '\0','Food/Virgin','2000','To the End','3.86','14',48),(793,'The Best of Blur','Blur','192','Wma','ROCK',_binary '\0','Food/Virgin','2000','On Your Own','4.45','15',48),(794,'The Best of Blur','Blur','192','Wma','ROCK',_binary '\0','Food/Virgin','2000','This Is a Low','5.05','16',48),(795,'The Best of Blur','Blur','192','Wma','ROCK',_binary '\0','Food/Virgin','2000','For Tomorrow','6.03','17',48),(796,'The Best of Blur','Blur','192','Wma','ROCK',_binary '\0','Food/Virgin','2000','Music Is My Radar','5.48','18',48),(797,'The Best of Blur','Blur','192','Wma','ROCK',_binary '\0','Food/Virgin','2000','She\'s So High [Live]','5.42','1',48),(798,'The Best of Blur','Blur','192','Wma','ROCK',_binary '\0','Food/Virgin','2000','Girls & Boys [Live]','4.36','2',48),(799,'The Best of Blur','Blur','192','Wma','ROCK',_binary '\0','Food/Virgin','2000','To the End [Live]','4.15','3',48),(800,'The Best of Blur','Blur','192','Wma','ROCK',_binary '\0','Food/Virgin','2000','End of a Century [Live]','3.02','4',48),(801,'The Best of Blur','Blur','192','Wma','ROCK',_binary '\0','Food/Virgin','2000','Stereotypes [Live]','3.46','5',48),(802,'The Best of Blur','Blur','192','Wma','ROCK',_binary '\0','Food/Virgin','2000','Charmless Man [Live]','3.54','6',48),(803,'The Best of Blur','Blur','192','Wma','ROCK',_binary '\0','Food/Virgin','2000','Beetlebum [Live]','6.17','7',48),(804,'The Best of Blur','Blur','192','Wma','ROCK',_binary '\0','Food/Virgin','2000','M.O.R. [Live]','3.17','8',48),(805,'The Best of Blur','Blur','192','Wma','ROCK',_binary '\0','Food/Virgin','2000','Tender [Live]','6.35','9',48),(806,'The Best of Blur','Blur','192','Wma','ROCK',_binary '\0','Food/Virgin','2000','No Distance Left to Run [Live]','4.15','10',48),(807,'The Great Escape','Blur','192','Wma','ROCK',_binary '\0','Food','1995','Stereotypes','3.19','1',49),(808,'The Great Escape','Blur','192','Wma','ROCK',_binary '\0','Food','1995','Country House','3.96','2',49),(809,'The Great Escape','Blur','192','Wma','ROCK',_binary '\0','Food','1995','Best Days','4.82','3',49),(810,'The Great Escape','Blur','192','Wma','ROCK',_binary '\0','Food','1995','Charmless Man','3.60','4',49),(811,'The Great Escape','Blur','192','Wma','ROCK',_binary '\0','Food','1995','Fade Away','4.32','5',49),(812,'The Great Escape','Blur','192','Wma','ROCK',_binary '\0','Food','1995','Top Man','4.01','6',49),(813,'The Great Escape','Blur','192','Wma','ROCK',_binary '\0','Food','1995','Universal','3.99','7',49),(814,'The Great Escape','Blur','192','Wma','ROCK',_binary '\0','Food','1995','Mr. Robinson\'s Quango','4.03','8',49),(815,'The Great Escape','Blur','192','Wma','ROCK',_binary '\0','Food','1995','He Thought of Cars','4.27','9',49),(816,'The Great Escape','Blur','192','Wma','ROCK',_binary '\0','Food','1995','It Could Be You','3.22','10',49),(817,'The Great Escape','Blur','192','Wma','ROCK',_binary '\0','Food','1995','Ernold Same','2.14','11',49),(818,'The Great Escape','Blur','192','Wma','ROCK',_binary '\0','Food','1995','Globe Alone','2.40','12',49),(819,'The Great Escape','Blur','192','Wma','ROCK',_binary '\0','Food','1995','Dan Abnormal','3.41','13',49),(820,'The Great Escape','Blur','192','Wma','ROCK',_binary '\0','Food','1995','Entertain Me','4.32','14',49),(821,'The Great Escape','Blur','192','Wma','ROCK',_binary '\0','Food','1995','Yuko and Hiro','5.40','15',49),(822,'The Magic Whip','Blur','320','Mp3','Alternative',_binary '\0','','2015-04-24T07:00:00Z','Lonesome Street','4.25','1',50),(823,'The Magic Whip','Blur','320','Mp3','Alternative',_binary '\0','','2015-04-24T07:00:00Z','New World Towers','3.94','2',50),(824,'The Magic Whip','Blur','320','Mp3','Alternative',_binary '\0','','2015-04-24T07:00:00Z','Go Out','4.53','3',50),(825,'The Magic Whip','Blur','320','Mp3','Alternative',_binary '\0','','2015-04-24T07:00:00Z','Ice Cream Man','3.32','4',50),(826,'The Magic Whip','Blur','320','Mp3','Alternative',_binary '\0','','2015-04-24T07:00:00Z','Thought I Was a Spaceman','6.09','5',50),(827,'The Magic Whip','Blur','320','Mp3','Alternative',_binary '\0','','2015-04-24T07:00:00Z','I Broadcast','2.78','6',50),(828,'The Magic Whip','Blur','320','Mp3','Alternative',_binary '\0','','2015-04-24T07:00:00Z','My Terracotta Heart','3.97','7',50),(829,'The Magic Whip','Blur','320','Mp3','Alternative',_binary '\0','','2015-04-24T07:00:00Z','There Are Too Many of Us','4.30','8',50),(830,'The Magic Whip','Blur','320','Mp3','Alternative',_binary '\0','','2015-04-24T07:00:00Z','Ghost Ship','4.84','9',50),(831,'The Magic Whip','Blur','320','Mp3','Alternative',_binary '\0','','2015-04-24T07:00:00Z','Pyongyang','5.62','10',50),(832,'The Magic Whip','Blur','320','Mp3','Alternative',_binary '\0','','2015-04-24T07:00:00Z','Ong Ong','3.06','11',50),(833,'The Magic Whip','Blur','320','Mp3','Alternative',_binary '\0','','2015-04-24T07:00:00Z','Mirrorball','3.52','12',50),(834,'The Special Collectors Edition','Blur','192','Wma','ROCK',_binary '\0','Food/EMI','1995','Day upon Day [Live]','4.05','1',51),(835,'The Special Collectors Edition','Blur','192','Wma','ROCK',_binary '\0','Food/EMI','1995','Inertia','3.81','2',51),(836,'The Special Collectors Edition','Blur','192','Wma','ROCK',_binary '\0','Food/EMI','1995','Luminous','3.21','3',51),(837,'The Special Collectors Edition','Blur','192','Wma','ROCK',_binary '\0','Food/EMI','1995','Mace','3.42','4',51),(838,'The Special Collectors Edition','Blur','192','Wma','ROCK',_binary '\0','Food/EMI','1995','Badgeman Brown','4.80','5',51),(839,'The Special Collectors Edition','Blur','192','Wma','ROCK',_binary '\0','Food/EMI','1995','Hanging Over','4.45','6',51),(840,'The Special Collectors Edition','Blur','192','Wma','ROCK',_binary '\0','Food/EMI','1995','Peach','3.95','7',51),(841,'The Special Collectors Edition','Blur','192','Wma','ROCK',_binary '\0','Food/EMI','1995','When the Cows Come Home','3.83','8',51),(842,'The Special Collectors Edition','Blur','192','Wma','ROCK',_binary '\0','Food/EMI','1995','Maggie May','4.09','9',51),(843,'The Special Collectors Edition','Blur','192','Wma','ROCK',_binary '\0','Food/EMI','1995','Es Schmecht','3.59','10',51),(844,'The Special Collectors Edition','Blur','192','Wma','ROCK',_binary '\0','Food/EMI','1995','Fried','2.57','11',51),(845,'The Special Collectors Edition','Blur','192','Wma','ROCK',_binary '\0','Food/EMI','1995','Anniversary Waltz','1.41','12',51),(846,'The Special Collectors Edition','Blur','192','Wma','ROCK',_binary '\0','Food/EMI','1995','Threadneedle Street','3.30','13',51),(847,'The Special Collectors Edition','Blur','192','Wma','ROCK',_binary '\0','Food/EMI','1995','Got Yer!','1.81','14',51),(848,'The Special Collectors Edition','Blur','192','Wma','ROCK',_binary '\0','Food/EMI','1995','Supa Shoppa','3.04','15',51),(849,'The Special Collectors Edition','Blur','192','Wma','ROCK',_binary '\0','Food/EMI','1995','Beard','1.75','16',51),(850,'The Special Collectors Edition','Blur','192','Wma','ROCK',_binary '\0','Food/EMI','1995','Theme from an Imaginary Film','3.57','17',51),(851,'The Special Collectors Edition','Blur','192','Wma','ROCK',_binary '\0','Food/EMI','1995','Bank Holiday','1.18','18',51),(852,'Think Tank','Blur','192','Wma','',_binary '\0','','','Me, White Noise','6.72','',52),(853,'Think Tank','Blur','192','Wma','General',_binary '\0','Virgin','2003','Ambulance','5.15','1',52),(854,'Think Tank','Blur','192','Wma','General',_binary '\0','Virgin','2003','Out Of Time','3.88','2',52),(855,'Think Tank','Blur','192','Wma','General',_binary '\0','Virgin','2003','Crazy Beat','3.25','3',52),(856,'Think Tank','Blur','192','Wma','General',_binary '\0','Virgin','2003','Good Song','3.15','4',52),(857,'Think Tank','Blur','192','Wma','General',_binary '\0','Virgin','2003','On The Way To The Club','3.80','5',52),(858,'Think Tank','Blur','192','Wma','General',_binary '\0','Virgin','2003','Brothers And Sisters','3.81','6',52),(859,'Think Tank','Blur','192','Wma','General',_binary '\0','Virgin','2003','Caravan','4.62','7',52),(860,'Think Tank','Blur','192','Wma','General',_binary '\0','Virgin','2003','We\'ve Got A File On You','1.05','8',52),(861,'Think Tank','Blur','192','Wma','General',_binary '\0','Virgin','2003','Moroccan Peoples Revolutionary Bowls Club','3.07','9',52),(862,'Think Tank','Blur','192','Wma','General',_binary '\0','Virgin','2003','Sweet Song','4.02','10',52),(863,'Think Tank','Blur','192','Wma','General',_binary '\0','Virgin','2003','Jets','6.43','11',52),(864,'Think Tank','Blur','192','Wma','General',_binary '\0','Virgin','2003','Gene By Gene','3.83','12',52),(865,'Think Tank','Blur','192','Wma','General',_binary '\0','Virgin','2003','Battery In Your Leg','3.36','13',52),(866,'A Head Full Of Dreams','Coldplay','320','Mp3','Pop',_binary '\0','Parlophone Label Group (Plg)','2015','A Head Full Of Dreams','3.74','01',53),(867,'A Head Full Of Dreams','Coldplay','320','Mp3','Pop',_binary '\0','Parlophone Label Group (Plg)','2015','Bird','3.82','02',53),(868,'A Head Full Of Dreams','Coldplay','320','Mp3','Pop',_binary '\0','Parlophone Label Group (Plg)','2015','Hymn For The Weekend','4.32','03',53),(869,'A Head Full Of Dreams','Coldplay','320','Mp3','Pop',_binary '\0','Parlophone Label Group (Plg)','2015','Everglow','4.71','04',53),(870,'A Head Full Of Dreams','Coldplay','320','Mp3','Pop',_binary '\0','Parlophone Label Group (Plg)','2015','Adventure Of A Lifetime','4.41','05',53),(871,'A Head Full Of Dreams','Coldplay','320','Mp3','Pop',_binary '\0','Parlophone Label Group (Plg)','2015','Fun (feat. Tove Lo)','4.47','06',53),(872,'A Head Full Of Dreams','Coldplay','320','Mp3','Pop',_binary '\0','Parlophone Label Group (Plg)','2015','Kaleidoscope','1.86','07',53),(873,'A Head Full Of Dreams','Coldplay','320','Mp3','Pop',_binary '\0','Parlophone Label Group (Plg)','2015','Army Of One','3.40','08',53),(874,'A Head Full Of Dreams','Coldplay','320','Mp3','Pop',_binary '\0','Parlophone Label Group (Plg)','2015','Amazing Day','2.90','09',53),(875,'A Head Full Of Dreams','Coldplay','320','Mp3','Pop',_binary '\0','Parlophone Label Group (Plg)','2015','Colour Spectrum','5.52','10',53),(876,'A Head Full Of Dreams','Coldplay','320','Mp3','Pop',_binary '\0','Parlophone Label Group (Plg)','2015','Up&Up','6.74','11',53),(877,'A Head Full Of Dreams','Coldplay','320','Mp3','Pop',_binary '\0','Parlophone Label Group (Plg)','2015','Miracles','3.92','12',53),(878,'A Rush Of Blood To The Head','Coldplay','320','Mp3','General',_binary '\0','','2002','Politik','5.31','1',54),(879,'A Rush Of Blood To The Head','Coldplay','320','Mp3','General',_binary '\0','','2002','In My Place','3.81','2',54),(880,'A Rush Of Blood To The Head','Coldplay','320','Mp3','General',_binary '\0','','2002','God Put A Smile Upon Your Face','4.96','3',54),(881,'A Rush Of Blood To The Head','Coldplay','320','Mp3','General',_binary '\0','','2002','The Scientist','5.15','4',54),(882,'A Rush Of Blood To The Head','Coldplay','320','Mp3','General',_binary '\0','','2002','Clocks','5.12','5',54),(883,'A Rush Of Blood To The Head','Coldplay','320','Mp3','General',_binary '\0','','2002','Daylight','5.46','6',54),(884,'A Rush Of Blood To The Head','Coldplay','320','Mp3','General',_binary '\0','','2002','Green Eyes','3.72','7',54),(885,'A Rush Of Blood To The Head','Coldplay','320','Mp3','General',_binary '\0','','2002','Warning Sign','5.52','8',54),(886,'A Rush Of Blood To The Head','Coldplay','320','Mp3','General',_binary '\0','','2002','A Whisper','3.97','9',54),(887,'A Rush Of Blood To The Head','Coldplay','320','Mp3','General',_binary '\0','','2002','A Rush Of Blood To The Head','5.86','10',54),(888,'A Rush Of Blood To The Head','Coldplay','320','Mp3','General',_binary '\0','','2002','Amsterdam','5.32','11',54),(889,'Everyday Life','Coldplay','320','Mp3','Rock',_binary '\0','','2019','Sunrise','2.52','1',55),(890,'Everyday Life','Coldplay','320','Mp3','Rock',_binary '\0','','2019','Church','3.83','2',55),(891,'Everyday Life','Coldplay','320','Mp3','Rock',_binary '\0','','2019','Trouble In Town','4.65','3',55),(892,'Everyday Life','Coldplay','320','Mp3','Rock',_binary '\0','','2019','BrokEn','2.50','4',55),(893,'Everyday Life','Coldplay','320','Mp3','Rock',_binary '\0','','2019','Daddy','4.97','5',55),(894,'Everyday Life','Coldplay','320','Mp3','Rock',_binary '\0','','2019','WOTW/POTP','1.28','6',55),(895,'Everyday Life','Coldplay','320','Mp3','Rock',_binary '\0','','2019','Arabesque','5.67','7',55),(896,'Everyday Life','Coldplay','320','Mp3','Rock',_binary '\0','','2019','When I Need A Friend','2.58','8',55),(897,'Everyday Life','Coldplay','320','Mp3','Rock',_binary '\0','','2019','Sunrise/Sunset Interlude #1','0.07','9',55),(898,'Everyday Life','Coldplay','320','Mp3','Rock',_binary '\0','','2019','Sunrise/Sunset Interlude #2','0.07','10',55),(899,'Everyday Life','Coldplay','320','Mp3','Rock',_binary '\0','','2019','Sunrise/Sunset Interlude #3','0.08','11',55),(900,'Everyday Life','Coldplay','320','Mp3','Rock',_binary '\0','','2019','Sunrise/Sunset Interlude #4','0.08','12',55),(901,'Everyday Life','Coldplay','320','Mp3','Rock',_binary '\0','','2019','Sunrise/Sunset Interlude #5','0.16','13',55),(902,'Everyday Life','Coldplay','320','Mp3','Rock',_binary '\0','','2019','Sunrise/Sunset Interlude #6','0.07','14',55),(903,'Everyday Life','Coldplay','320','Mp3','Rock',_binary '\0','','2019','Guns','1.92','15',55),(904,'Everyday Life','Coldplay','320','Mp3','Rock',_binary '\0','','2019','Orphans','3.29','16',55),(905,'Everyday Life','Coldplay','320','Mp3','Rock',_binary '\0','','2019','Eko','2.63','17',55),(906,'Everyday Life','Coldplay','320','Mp3','Rock',_binary '\0','','2019','Cry Cry Cry','2.79','18',55),(907,'Everyday Life','Coldplay','320','Mp3','Rock',_binary '\0','','2019','Old Friends','2.45','19',55),(908,'Everyday Life','Coldplay','320','Mp3','Rock',_binary '\0','','2019','Bani Adam','3.25','20',55),(909,'Everyday Life','Coldplay','320','Mp3','Rock',_binary '\0','','2019','Champion Of The World','4.29','21',55),(910,'Everyday Life','Coldplay','320','Mp3','Rock',_binary '\0','','2019','Everyday Life','4.31','22',55),(911,'Ghost Stories','Coldplay','320','Mp3','Alternative',_binary '\0','','2014','Always In My Head','3.61','01',56),(912,'Ghost Stories','Coldplay','320','Mp3','Alternative',_binary '\0','','2014','Magic','4.75','02',56),(913,'Ghost Stories','Coldplay','320','Mp3','Alternative',_binary '\0','','2014','Ink','3.81','03',56),(914,'Ghost Stories','Coldplay','320','Mp3','Alternative',_binary '\0','','2014','True Love','4.10','04',56),(915,'Ghost Stories','Coldplay','320','Mp3','Alternative',_binary '\0','','2014','Midnight','4.91','05',56),(916,'Ghost Stories','Coldplay','320','Mp3','Alternative',_binary '\0','','2014','Another\'s Arms','3.91','06',56),(917,'Ghost Stories','Coldplay','320','Mp3','Alternative',_binary '\0','','2014','Oceans','5.36','07',56),(918,'Ghost Stories','Coldplay','320','Mp3','Alternative',_binary '\0','','2014','A Sky Full Of Stars','4.48','08',56),(919,'Ghost Stories','Coldplay','320','Mp3','Alternative',_binary '\0','','2014','O','5.39','09',56),(920,'Ghost Stories','Coldplay','320','Mp3','Alternative',_binary '\0','','2014','All Your Friends','3.53','10',56),(921,'Ghost Stories','Coldplay','320','Mp3','Alternative',_binary '\0','','2014','Ghost Story','4.29','11',56),(922,'Ghost Stories','Coldplay','320','Mp3','Alternative',_binary '\0','','2014','O (Part 2/Reprise)','1.62','12',56),(923,'Live at Glastonbury 2002','Coldplay','320','Mp3','Rock',_binary '\0','','','Politik','5.83','1',57),(924,'Live at Glastonbury 2002','Coldplay','320','Mp3','Rock',_binary '\0','','','Shiver','6.58','2',57),(925,'Live at Glastonbury 2002','Coldplay','320','Mp3','Rock',_binary '\0','','','Trouble','4.86','3',57),(926,'Live at Glastonbury 2002','Coldplay','320','Mp3','Rock',_binary '\0','','','Don\'t Panic','3.48','4',57),(927,'Live at Glastonbury 2002','Coldplay','320','Mp3','Rock',_binary '\0','','','Everything\'s Not Lost','7.37','5',57),(928,'Live at Glastonbury 2002','Coldplay','320','Mp3','Rock',_binary '\0','','','God Put A Smile Upon Your Face','4.98','6',57),(929,'Live at Glastonbury 2002','Coldplay','320','Mp3','Rock',_binary '\0','','','Yellow','5.73','7',57),(930,'Live at Glastonbury 2002','Coldplay','320','Mp3','Rock',_binary '\0','','','The Scientist','5.10','8',57),(931,'Live at Glastonbury 2002','Coldplay','320','Mp3','Rock',_binary '\0','','','Clocks','5.52','9',57),(932,'Live at Glastonbury 2002','Coldplay','320','Mp3','Rock',_binary '\0','','','In My Place','4.78','10',57),(933,'Live at Glastonbury 2002','Coldplay','320','Mp3','Rock',_binary '\0','','','Life Is For Living','3.37','11',57),(934,'Music Of The Spheres','Coldplay','320','Mp3','',_binary '\0','','2021-10-15','⦵','0.89','1',58),(935,'Music Of The Spheres','Coldplay','320','Mp3','',_binary '\0','','2021-10-15','Higher Power','3.52','2',58),(936,'Music Of The Spheres','Coldplay','320','Mp3','',_binary '\0','','2021-10-15','Humankind','4.45','3',58),(937,'Music Of The Spheres','Coldplay','320','Mp3','',_binary '\0','','2021-10-15','*✧','0.88','4',58),(938,'Music Of The Spheres','Coldplay','320','Mp3','',_binary '\0','','2021-10-15','Let Somebody Go (feat. Selena Gomez)','4.03','5',58),(939,'Music Of The Spheres','Coldplay','320','Mp3','',_binary '\0','','2021-10-15','♡ (feat. We Are KING & Jacob Collier)','3.15','6',58),(940,'Music Of The Spheres','Coldplay','320','Mp3','',_binary '\0','','2021-10-15','People of The Pride','3.62','7',58),(941,'Music Of The Spheres','Coldplay','320','Mp3','',_binary '\0','','2021-10-15','Biutyful','3.21','8',58),(942,'Music Of The Spheres','Coldplay','320','Mp3','',_binary '\0','','2021-10-15','❍','0.36','9',58),(943,'Music Of The Spheres','Coldplay','320','Mp3','',_binary '\0','','2021-10-15','My Universe (feat. BTS)','3.80','10',58),(944,'Music Of The Spheres','Coldplay','320','Mp3','',_binary '\0','','2021-10-15','∞','3.77','11',58),(945,'Music Of The Spheres','Coldplay','320','Mp3','',_binary '\0','','2021-10-15','Coloratura','10.32','12',58),(946,'Mylo Xyloto','Coldplay','320','Mp3','Pop',_binary '\0','Parlophone','2011','Mylo Xyloto','0.72','1',59),(947,'Mylo Xyloto','Coldplay','320','Mp3','Pop',_binary '\0','Parlophone','2011','Hurts Like Heaven','4.04','2',59),(948,'Mylo Xyloto','Coldplay','320','Mp3','Pop',_binary '\0','Parlophone','2011','Paradise','4.63','3',59),(949,'Mylo Xyloto','Coldplay','320','Mp3','Pop',_binary '\0','Parlophone','2011','Charlie Brown','4.75','4',59),(950,'Mylo Xyloto','Coldplay','320','Mp3','Pop',_binary '\0','Parlophone','2011','Us Against the World','4.00','5',59),(951,'Mylo Xyloto','Coldplay','320','Mp3','Pop',_binary '\0','Parlophone','2011','M.M.I.X.','0.81','6',59),(952,'Mylo Xyloto','Coldplay','320','Mp3','Pop',_binary '\0','Parlophone','2011','Every Teardrop Is a Waterfall','4.01','7',59),(953,'Mylo Xyloto','Coldplay','320','Mp3','Pop',_binary '\0','Parlophone','2011','Major Minus','3.50','8',59),(954,'Mylo Xyloto','Coldplay','320','Mp3','Pop',_binary '\0','Parlophone','2011','U.F.O.','2.30','9',59),(955,'Mylo Xyloto','Coldplay','320','Mp3','Pop',_binary '\0','Parlophone','2011','Princess of China','3.99','10',59),(956,'Mylo Xyloto','Coldplay','320','Mp3','Pop',_binary '\0','Parlophone','2011','Up in Flames','3.22','11',59),(957,'Mylo Xyloto','Coldplay','320','Mp3','Pop',_binary '\0','Parlophone','2011','A Hopeful Transmission','0.55','12',59),(958,'Mylo Xyloto','Coldplay','320','Mp3','Pop',_binary '\0','Parlophone','2011','Don\'t Let It Break Your Heart','3.90','13',59),(959,'Mylo Xyloto','Coldplay','320','Mp3','Pop',_binary '\0','Parlophone','2011','Up with the Birds','3.80','14',59),(960,'Parachutes','Coldplay','320','Mp3','Rock',_binary '\0','','2000','Life Is For Living [Split - Bonus Hidden Track]','1.63','11',60),(961,'Parachutes','Coldplay','320','Mp3','Rock',_binary '\0','','2000','Everything\'s Not Lost [Split]','5.46','10',60),(962,'Singles','Coldplay','192','Wma','ROCK',_binary '\0','Parlophone','2000','Sparks','3.80','1',62),(963,'Singles','Coldplay','192','Wma','ROCK',_binary '\0','Parlophone','2000','Careful Where You Stand','4.74','2',62),(964,'Singles','Coldplay','192','Wma','ROCK',_binary '\0','Parlophone','2000','Yellow [Acoustic Version from Jo Whiley\'s Lunchtime Social]','4.27','3',62),(965,'Singles','Coldplay','192','Wma','ROCK',_binary '\0','Parlophone','2000','See You Soon','2.81','4',62),(966,'Singles','Coldplay','320','Mp3','Alternative',_binary '\0','','1999','Bigger Stronger','4.82','01',62),(967,'Singles','Coldplay','320','Mp3','Alternative',_binary '\0','','1999','Don\'t Panic','2.64','02',62),(968,'Singles','Coldplay','320','Mp3','Alternative',_binary '\0','','1999','See You Soon','2.86','03',62),(969,'Singles','Coldplay','320','Mp3','Alternative',_binary '\0','','1999','High Speed','4.28','04',62),(970,'Singles','Coldplay','320','Mp3','Alternative',_binary '\0','','1999','Such a Rush','4.96','05',62),(971,'Singles','Coldplay','320','Mp3','',_binary '\0','','1998','Brothers And Sisters','4.03','1',62),(972,'Singles','Coldplay','320','Mp3','',_binary '\0','','1998','Easy To Please','3.03','2',62),(973,'Singles','Coldplay','320','Mp3','',_binary '\0','','1998','Only Superstition','3.78','3',62),(974,'Singles','Coldplay','192','Wma','ROCK',_binary '\0','','','Clocks','5.16','1',62),(975,'Singles','Coldplay','192','Wma','ROCK',_binary '\0','','','Crests Of Waves','3.67','2',62),(976,'Singles','Coldplay','192','Wma','ROCK',_binary '\0','','','Animals','5.57','3',62),(977,'Singles','Coldplay','192','Wma','Rock',_binary '\0','','','God Put a Smile Upon Your Face','4.98','1',62),(978,'Singles','Coldplay','192','Wma','Rock',_binary '\0','','','Murder','5.60','2',62),(979,'Singles','Coldplay','160','Wma','ROCK',_binary '\0','EMI','2002','I Bloom Blaum','2.18','3',62),(980,'Singles','Coldplay','160','Wma','ROCK',_binary '\0','EMI','2002','In My Place','3.81','1',62),(981,'Singles','Coldplay','160','Wma','ROCK',_binary '\0','EMI','2002','One I Love','4.59','2',62),(982,'Singles','Coldplay','320','Mp3','Rock',_binary '\0','','1998','Bigger Stronger','4.82','01',62),(983,'Singles','Coldplay','320','Mp3','Rock',_binary '\0','','1998','No More Keeping My Feet On The Ground','4.52','02',62),(984,'Singles','Coldplay','320','Mp3','Rock',_binary '\0','','1998','Such A Rush','4.96','03',62),(985,'Singles','Coldplay','192','Wma','Rock',_binary '\0','EMI','2002','The Scientist','5.19','1',62),(986,'Singles','Coldplay','192','Wma','Rock',_binary '\0','EMI','2002','1.36','2.09','2',62),(987,'Singles','Coldplay','192','Wma','Rock',_binary '\0','EMI','2002','I Ran Away','4.46','3',62),(988,'Singles','Coldplay','192','Wma','ROCK',_binary '\0','EMI','2000','Shiver','5.03','1',62),(989,'Singles','Coldplay','192','Wma','ROCK',_binary '\0','EMI','2000','For You','5.73','2',62),(990,'Singles','Coldplay','192','Wma','ROCK',_binary '\0','EMI','2000','Careful Where You Stand','4.75','3',62),(991,'Singles','Coldplay','192','Wma','ROCK',_binary '\0','EMI','2001','Trouble','4.56','1',62),(992,'Singles','Coldplay','192','Wma','ROCK',_binary '\0','EMI','2001','Brothers and Sisters','4.82','2',62),(993,'Singles','Coldplay','192','Wma','ROCK',_binary '\0','EMI','2001','Shiver (Jo Whiley Lunchtime Social)','4.36','3',62),(994,'Singles','Coldplay','192','Wma','Rock',_binary '\0','','','Yellow','4.49','1',62),(995,'Singles','Coldplay','192','Wma','Rock',_binary '\0','','','Help Is Round The Corner','2.60','2',62),(996,'Singles','Coldplay','192','Wma','Rock',_binary '\0','','','No More Keeping My Feet On The Ground','4.51','3',62),(997,'Viva La Vida Or Death And All His Friends','Coldplay','320','Mp3','Alternative',_binary '\0','','2008','Life In Technicolor','2.49','1',63),(998,'Viva La Vida Or Death And All His Friends','Coldplay','320','Mp3','Alternative',_binary '\0','','2008','Cemeteries Of London','3.35','2',63),(999,'Viva La Vida Or Death And All His Friends','Coldplay','320','Mp3','Alternative',_binary '\0','','2008','Lost','3.92','3',63),(1000,'Viva La Vida Or Death And All His Friends','Coldplay','320','Mp3','Alternative',_binary '\0','','2008','42','3.96','4',63),(1001,'Viva La Vida Or Death And All His Friends','Coldplay','320','Mp3','Alternative',_binary '\0','','2008','Lovers In Japan-Reign Of Love','6.85','5',63),(1002,'Viva La Vida Or Death And All His Friends','Coldplay','320','Mp3','Alternative',_binary '\0','','2008','Yes','7.11','6',63),(1003,'Viva La Vida Or Death And All His Friends','Coldplay','320','Mp3','Alternative',_binary '\0','','2008','Viva La Vida','4.07','7',63),(1004,'Viva La Vida Or Death And All His Friends','Coldplay','320','Mp3','Alternative',_binary '\0','','2008','Violet Hill','3.83','8',63),(1005,'Viva La Vida Or Death And All His Friends','Coldplay','320','Mp3','Alternative',_binary '\0','','2008','Strawberry Swing','4.16','9',63),(1006,'Viva La Vida Or Death And All His Friends','Coldplay','320','Mp3','Alternative',_binary '\0','','2008','Death And All His Friends','3.54','10',63),(1007,'Viva La Vida Or Death And All His Friends','Coldplay','320','Mp3','Alternative',_binary '\0','','2008','The Escapist','2.76','11',63),(1008,'X&Y','Coldplay','~220','Mp3','Alternative',_binary '','EMI','2005-05-30','Square One','4.79','1',65),(1009,'X&Y','Coldplay','~202','Mp3','Alternative',_binary '','EMI','2005-05-30','What If','4.95','2',65),(1010,'X&Y','Coldplay','~222','Mp3','Alternative',_binary '','EMI','2005-05-30','White Shadows','5.47','3',65),(1011,'X&Y','Coldplay','~194','Mp3','Alternative',_binary '','EMI','2005-05-30','Fix You','4.92','4',65),(1012,'X&Y','Coldplay','~226','Mp3','Alternative',_binary '','EMI','2005-05-30','Talk','5.19','5',65),(1013,'X&Y','Coldplay','~223','Mp3','Alternative',_binary '','EMI','2005-05-30','X & Y','4.57','6',65),(1014,'X&Y','Coldplay','~227','Mp3','Alternative',_binary '','EMI','2005-05-30','Speed Of Sound','4.81','7',65),(1015,'X&Y','Coldplay','~229','Mp3','Alternative',_binary '','EMI','2005-05-30','A Message','4.76','8',65),(1016,'X&Y','Coldplay','~237','Mp3','Alternative',_binary '','EMI','2005-05-30','Low','5.54','9',65),(1017,'X&Y','Coldplay','~231','Mp3','Alternative',_binary '','EMI','2005-05-30','The Hardest Part','4.42','10',65),(1018,'X&Y','Coldplay','~206','Mp3','Alternative',_binary '','EMI','2005-05-30','Swallowed In The Sea','3.98','11',65),(1019,'X&Y','Coldplay','~208','Mp3','Alternative',_binary '','EMI','2005-05-30','Twisted Logic','5.03','12',65),(1020,'X&Y','Coldplay','~172','Mp3','Alternative',_binary '','EMI','2005-05-30','Til Kingdom Come (Bonus Track)','4.21','13',65),(1021,'Be Here Now','Oasis','320','Mp3','Rock',_binary '\0','Reprise/Big Brother','1997','D\'You Know What I Mean?','7.71','1',66),(1022,'Be Here Now','Oasis','320','Mp3','Rock',_binary '\0','Reprise/Big Brother','1997','My Big Mouth','5.04','2',66),(1023,'Be Here Now','Oasis','320','Mp3','Rock',_binary '\0','Reprise/Big Brother','1997','Magic Pie','7.33','3',66),(1024,'Be Here Now','Oasis','320','Mp3','Rock',_binary '\0','Reprise/Big Brother','1997','Stand by Me','5.94','4',66),(1025,'Be Here Now','Oasis','320','Mp3','Rock',_binary '\0','Reprise/Big Brother','1997','I Hope, I Think, I Know','4.38','5',66),(1026,'Be Here Now','Oasis','320','Mp3','Rock',_binary '\0','Reprise/Big Brother','1997','The Girl in the Dirty Shirt','5.82','6',66),(1027,'Be Here Now','Oasis','320','Mp3','Rock',_binary '\0','Reprise/Big Brother','1997','Fade In-Out','6.88','7',66),(1028,'Be Here Now','Oasis','320','Mp3','Rock',_binary '\0','Reprise/Big Brother','1997','Don\'t Go Away','4.81','8',66),(1029,'Be Here Now','Oasis','320','Mp3','Rock',_binary '\0','Reprise/Big Brother','1997','Be Here Now','5.22','9',66),(1030,'Be Here Now','Oasis','320','Mp3','Rock',_binary '\0','Reprise/Big Brother','1997','All Around the World','9.33','10',66),(1031,'Be Here Now','Oasis','320','Mp3','Rock',_binary '\0','Reprise/Big Brother','1997','It\'s Gettin\' Better (Man!!)','7.00','11',66),(1032,'Be Here Now','Oasis','320','Mp3','Rock',_binary '\0','Reprise/Big Brother','1997','All Around the World (Reprise)','2.14','12',66),(1033,'Definitely Maybe','Oasis','320','Mp3','Unknown Genre',_binary '\0','Reprise','1994','Rock \'N\' Roll Star','5.39','1',67),(1034,'Definitely Maybe','Oasis','320','Mp3','Unknown Genre',_binary '\0','Reprise','1994','Shakermaker','5.14','2',67),(1035,'Definitely Maybe','Oasis','320','Mp3','Rock',_binary '\0','Reprise','1994','Live Forever','4.61','3',67),(1036,'Definitely Maybe','Oasis','320','Mp3','Rock',_binary '\0','Reprise','1994','Up in the Sky','4.48','4',67),(1037,'Definitely Maybe','Oasis','320','Mp3','Rock',_binary '\0','Reprise','1994','Columbia','6.28','5',67),(1038,'Definitely Maybe','Oasis','320','Mp3','Rock',_binary '\0','Reprise','1994','Supersonic','4.73','6',67),(1039,'Definitely Maybe','Oasis','320','Mp3','Rock',_binary '\0','Reprise','1994','Bring It on Down','4.30','7',67),(1040,'Definitely Maybe','Oasis','320','Mp3','Rock',_binary '\0','Reprise','1994','Cigarettes & Alcohol','4.82','8',67),(1041,'Definitely Maybe','Oasis','320','Mp3','Rock',_binary '\0','Reprise','1994','Digsy\'s Dinner','2.54','9',67),(1042,'Definitely Maybe','Oasis','320','Mp3','Rock',_binary '\0','Reprise','1994','Slide Away','6.55','10',67),(1043,'Definitely Maybe','Oasis','320','Mp3','Rock',_binary '\0','Reprise','1994','Married with Children','3.21','11',67),(1044,'Dig Out Your Soul','Oasis','320','Mp3','Rock',_binary '\0','','2008','Bag It Up','4.67','1',68),(1045,'Dig Out Your Soul','Oasis','320','Mp3','Rock',_binary '\0','','2008','The Turning','5.08','2',68),(1046,'Dig Out Your Soul','Oasis','320','Mp3','Rock',_binary '\0','','2008','Waiting For The Rapture','3.05','3',68),(1047,'Dig Out Your Soul','Oasis','320','Mp3','Rock',_binary '\0','','2008','The Shock Of The Lightning','5.00','4',68),(1048,'Dig Out Your Soul','Oasis','320','Mp3','Rock',_binary '\0','','2008','I\'m Outta Time','4.17','5',68),(1049,'Dig Out Your Soul','Oasis','320','Mp3','Rock',_binary '\0','','2008','[Get Off Your] High Horse Lady','4.11','6',68),(1050,'Dig Out Your Soul','Oasis','320','Mp3','Rock',_binary '\0','','2008','Falling Down','4.34','7',68),(1051,'Dig Out Your Soul','Oasis','320','Mp3','Rock',_binary '\0','','2008','To Be Where There\'s Life','4.60','8',68),(1052,'Dig Out Your Soul','Oasis','320','Mp3','Rock',_binary '\0','','2008','Ain\'t Got Nothin\'','2.25','9',68),(1053,'Dig Out Your Soul','Oasis','320','Mp3','Rock',_binary '\0','','2008','The Nature Of Reality','3.80','10',68),(1054,'Dig Out Your Soul','Oasis','320','Mp3','Rock',_binary '\0','','2008','Soldier On','4.85','11',68),(1055,'Don\'t Believe the Truth','Oasis','320','Mp3','Alternative rock',_binary '\0','Reprise','2005','Turn Up the Sun','4.06','1',69),(1056,'Don\'t Believe the Truth','Oasis','320','Mp3','Alternative rock',_binary '\0','Reprise','2005','Mucky Fingers','3.97','2',69),(1057,'Don\'t Believe the Truth','Oasis','320','Mp3','Alternative rock',_binary '\0','Reprise','2005','Lyla','5.25','3',69),(1058,'Don\'t Believe the Truth','Oasis','320','Mp3','Alternative rock',_binary '\0','Reprise','2005','Love Like a Bomb','2.95','4',69),(1059,'Don\'t Believe the Truth','Oasis','320','Mp3','Alternative rock',_binary '\0','Reprise','2005','The Importance of Being Idle','3.73','5',69),(1060,'Don\'t Believe the Truth','Oasis','320','Mp3','Alternative rock',_binary '\0','Reprise','2005','The Meaning of Soul','1.78','6',69),(1061,'Don\'t Believe the Truth','Oasis','320','Mp3','Alternative rock',_binary '\0','Reprise','2005','Guess God Thinks I\'m Abel','3.48','7',69),(1062,'Don\'t Believe the Truth','Oasis','320','Mp3','Alternative rock',_binary '\0','Reprise','2005','Part of the Queue','3.87','8',69),(1063,'Don\'t Believe the Truth','Oasis','320','Mp3','Alternative rock',_binary '\0','Reprise','2005','Keep the Dream Alive','5.83','9',69),(1064,'Don\'t Believe the Truth','Oasis','320','Mp3','Alternative rock',_binary '\0','Reprise','2005','A Bell Will Ring','3.20','10',69),(1065,'Don\'t Believe the Truth','Oasis','320','Mp3','Alternative rock',_binary '\0','Reprise','2005','Let There Be Love','5.56','11',69),(1066,'EP\'s','Oasis','192','Wma','ROCK',_binary '\0','Creation','1998','All Around the World','9.66','1',70),(1067,'EP\'s','Oasis','192','Wma','ROCK',_binary '\0','Creation','1998','The Fame','4.60','2',70),(1068,'EP\'s','Oasis','192','Wma','ROCK',_binary '\0','Creation','1998','Flashbax','5.13','3',70),(1069,'EP\'s','Oasis','192','Wma','ROCK',_binary '\0','Creation','1998','Street Fighting Man','3.90','4',70),(1070,'EP\'s','Oasis','128','Wma','Rock',_binary '\0','Big Brother','1994','Cigarettes and Alcohol','4.85','1',70),(1071,'EP\'s','Oasis','128','Wma','Rock',_binary '\0','Big Brother','1994','I Am the Walrus [Live]','8.27','2',70),(1072,'EP\'s','Oasis','128','Wma','Rock',_binary '\0','Big Brother','1994','Listen Up','6.67','3',70),(1073,'EP\'s','Oasis','128','Wma','Rock',_binary '\0','Big Brother','1994','Fade Away','4.24','4',70),(1074,'EP\'s','Oasis','192','Wma','ROCK',_binary '\0','Creation','1997','D\'You Know What I Mean?','7.38','1',70),(1075,'EP\'s','Oasis','192','Wma','ROCK',_binary '\0','Creation','1997','Stay Young','5.10','2',70),(1076,'EP\'s','Oasis','192','Wma','ROCK',_binary '\0','Creation','1997','Angel Child [Demo Version]','4.47','3',70),(1077,'EP\'s','Oasis','192','Wma','ROCK',_binary '\0','Creation','1997','Heroes','4.17','4',70),(1078,'EP\'s','Oasis','128','Wma','Rock',_binary '\0','Big Brother','1996','Don\'t Look Back in Anger','4.82','1',70),(1079,'EP\'s','Oasis','128','Wma','Rock',_binary '\0','Big Brother','1996','Step Out','3.70','2',70),(1080,'EP\'s','Oasis','128','Wma','Rock',_binary '\0','Big Brother','1996','Underneath the Sky','3.37','3',70),(1081,'EP\'s','Oasis','128','Wma','Rock',_binary '\0','Big Brother','1996','Cum on Feel the Noize','5.17','4',70),(1082,'EP\'s','Oasis','192','Wma','ROCK',_binary '\0','Sony International','2000','Go Let It Out','4.68','1',70),(1083,'EP\'s','Oasis','192','Wma','ROCK',_binary '\0','Sony International','2000','Let\'s All Make Believe','3.89','2',70),(1084,'EP\'s','Oasis','192','Wma','ROCK',_binary '\0','Sony International','2000','(As Long as They\'ve Got) Cigarettes in Hell','4.36','3',70),(1085,'EP\'s','Oasis','192','Wma','ROCK',_binary '\0','','','Columbia (Demo)','5.42','1',70),(1086,'EP\'s','Oasis','192','Wma','ROCK',_binary '\0','','','You\'ve Got To Hide Your Love Away','2.21','2',70),(1087,'EP\'s','Oasis','192','Wma','ROCK',_binary '\0','','','Live Forever (Live)','4.25','3',70),(1088,'EP\'s','Oasis','192','Wma','ROCK',_binary '\0','','','Bring It Down (Live)','4.16','4',70),(1089,'EP\'s','Oasis','128','Wma','Rock',_binary '\0','Big Brother','1994','Live Forever','4.64','1',70),(1090,'EP\'s','Oasis','128','Wma','Rock',_binary '\0','Big Brother','1994','Up in the Sky (Acoustic)','3.54','2',70),(1091,'EP\'s','Oasis','128','Wma','Rock',_binary '\0','Big Brother','1994','Cloudburst','5.36','3',70),(1092,'EP\'s','Oasis','128','Wma','Rock',_binary '\0','Big Brother','1994','Supersonic [Live]','5.22','4',70),(1093,'EP\'s','Oasis','128','Wma','Rock',_binary '\0','Big Brother','1995','Roll with It','4.02','1',70),(1094,'EP\'s','Oasis','128','Wma','Rock',_binary '\0','Big Brother','1995','It\'s Better People','3.99','2',70),(1095,'EP\'s','Oasis','128','Wma','Rock',_binary '\0','Big Brother','1995','Rockin\' Chair','4.62','3',70),(1096,'EP\'s','Oasis','128','Wma','Rock',_binary '\0','Big Brother','1995','Live Forever [Live at Glastonbury \'95]','4.68','4',70),(1097,'EP\'s','Oasis','128','Wma','Rock',_binary '\0','Big Brother','1994','Shakermaker','5.20','1',70),(1098,'EP\'s','Oasis','128','Wma','Rock',_binary '\0','Big Brother','1994','D\'Yer Wanna Be a Spaceman?','2.69','2',70),(1099,'EP\'s','Oasis','128','Wma','Rock',_binary '\0','Big Brother','1994','Alive [8 Track Demo]','3.95','3',70),(1100,'EP\'s','Oasis','128','Wma','Rock',_binary '\0','Big Brother','1994','Bring It on Down [Live]','4.29','4',70),(1101,'EP\'s','Oasis','128','Wma','Rock',_binary '\0','Creation','1995','Some Might Say','5.47','1',70),(1102,'EP\'s','Oasis','128','Wma','Rock',_binary '\0','Creation','1995','Talk Tonight','4.37','2',70),(1103,'EP\'s','Oasis','128','Wma','Rock',_binary '\0','Creation','1995','Acquiesce','4.42','3',70),(1104,'EP\'s','Oasis','128','Wma','Rock',_binary '\0','Creation','1995','Headshrinker','4.65','4',70),(1105,'EP\'s','Oasis','192','Wma','ROCK',_binary '\0','Creation','1997','Stand by Me','5.94','1',70),(1106,'EP\'s','Oasis','192','Wma','ROCK',_binary '\0','Creation','1997','(I Got) The Fever','5.26','2',70),(1107,'EP\'s','Oasis','192','Wma','ROCK',_binary '\0','Creation','1997','My Sister Lover','5.99','3',70),(1108,'EP\'s','Oasis','192','Wma','ROCK',_binary '\0','Creation','1997','Going Nowhere','4.69','4',70),(1109,'EP\'s','Oasis','192','Wma','ROCK',_binary '\0','Import','2000','Sunday Morning Call','5.24','1',70),(1110,'EP\'s','Oasis','192','Wma','ROCK',_binary '\0','Import','2000','Carry Us All','4.00','2',70),(1111,'EP\'s','Oasis','192','Wma','ROCK',_binary '\0','Import','2000','Full On','4.27','3',70),(1112,'EP\'s','Oasis','128','Wma','Rock',_binary '\0','Big Brother','1994','Supersonic','4.74','1',70),(1113,'EP\'s','Oasis','128','Wma','Rock',_binary '\0','Big Brother','1994','Take Me Away','4.52','2',70),(1114,'EP\'s','Oasis','128','Wma','Rock',_binary '\0','Big Brother','1994','I Will Believe [Live]','3.78','3',70),(1115,'EP\'s','Oasis','128','Wma','Rock',_binary '\0','Big Brother','1994','Columbia [White Label Demo]','5.44','4',70),(1116,'EP\'s','Oasis','192','Wma','ROCK',_binary '\0','Sony','1995','Hello','3.41','1',70),(1117,'EP\'s','Oasis','192','Wma','ROCK',_binary '\0','Sony','1995','Gas Panic (Demo)','6.68','2',70),(1118,'EP\'s','Oasis','192','Wma','ROCK',_binary '\0','Sony','1995','Stop Crying Your Heart Out (Demo)','5.18','3',70),(1119,'EP\'s','Oasis','192','Wma','ROCK',_binary '\0','Creation','1994','Whatever','6.37','1',70),(1120,'EP\'s','Oasis','192','Wma','ROCK',_binary '\0','Creation','1994','It\'s Good to Be Free','4.33','2',70),(1121,'EP\'s','Oasis','192','Wma','ROCK',_binary '\0','Creation','1994','Half the World Away','4.42','3',70),(1122,'EP\'s','Oasis','192','Wma','ROCK',_binary '\0','Creation','1994','Slide Away','6.52','4',70),(1123,'EP\'s','Oasis','192','Wma','ROCK',_binary '\0','Sony International','2000','Who Feels Love?','5.75','1',70),(1124,'EP\'s','Oasis','192','Wma','ROCK',_binary '\0','Sony International','2000','One Way Road','4.05','2',70),(1125,'EP\'s','Oasis','192','Wma','ROCK',_binary '\0','Sony International','2000','Helter Skelter','5.89','3',70),(1126,'EP\'s','Oasis','128','Wma','Rock',_binary '\0','Big Brother','1995','Wonderwall','4.33','1',70),(1127,'EP\'s','Oasis','128','Wma','Rock',_binary '\0','Big Brother','1995','Round Are Way','5.72','2',70),(1128,'EP\'s','Oasis','128','Wma','Rock',_binary '\0','Big Brother','1995','The Swamp Song','4.33','3',70),(1129,'EP\'s','Oasis','128','Wma','Rock',_binary '\0','Big Brother','1995','The Master Plan','5.40','4',70),(1130,'Familiar to Millions','Oasis','320','Mp3','Other',_binary '\0','','','Track 1','5.86','01',71),(1131,'Familiar to Millions','Oasis','320','Mp3','Other',_binary '\0','','','Track 2','6.01','02',71),(1132,'Familiar to Millions','Oasis','320','Mp3','Other',_binary '\0','','','Track 3','4.50','03',71),(1133,'Familiar to Millions','Oasis','320','Mp3','Other',_binary '\0','','','Track 4','5.23','04',71),(1134,'Familiar to Millions','Oasis','320','Mp3','Other',_binary '\0','','','Track 5','4.12','05',71),(1135,'Familiar to Millions','Oasis','320','Mp3','Other',_binary '\0','','','Track 6','8.03','06',71),(1136,'Familiar to Millions','Oasis','320','Mp3','Other',_binary '\0','','','Track 7','4.74','07',71),(1137,'Familiar to Millions','Oasis','320','Mp3','Other',_binary '\0','','','Track 8','4.58','08',71),(1138,'Familiar to Millions','Oasis','320','Mp3','Other',_binary '\0','','','Track 9','6.89','09',71),(1139,'Familiar to Millions','Oasis','320','Mp3','Other',_binary '\0','','','Track 10','5.16','10',71),(1140,'Familiar to Millions','Oasis','320','Mp3','Other',_binary '\0','','','Track 11','4.88','11',71),(1141,'Familiar to Millions','Oasis','320','Mp3','Other',_binary '\0','','','Track 12','6.54','12',71),(1142,'Familiar to Millions','Oasis','320','Mp3','Other',_binary '\0','','','Track 13','6.34','13',71),(1143,'Heathen Chemistry','Oasis','320','Mp3','Rock',_binary '\0','Reprise','2002','The Hindu Times','3.77','1',72),(1144,'Heathen Chemistry','Oasis','320','Mp3','Rock',_binary '\0','Reprise','2002','Force of Nature','4.86','2',72),(1145,'Heathen Chemistry','Oasis','320','Mp3','Rock',_binary '\0','Reprise','2002','Hung in a Bad Place','3.48','3',72),(1146,'Heathen Chemistry','Oasis','320','Mp3','Rock',_binary '\0','Reprise','2002','Stop Crying Your Heart Out','5.05','4',72),(1147,'Heathen Chemistry','Oasis','320','Mp3','Rock',_binary '\0','Reprise','2002','Songbird','2.13','5',72),(1148,'Heathen Chemistry','Oasis','320','Mp3','Rock',_binary '\0','Reprise','2002','Little by Little','4.88','6',72),(1149,'Heathen Chemistry','Oasis','320','Mp3','Rock',_binary '\0','Reprise','2002','A Quick Peep','1.29','7',72),(1150,'Heathen Chemistry','Oasis','320','Mp3','Rock',_binary '\0','Reprise','2002','(Probably) All in the Mind','4.03','8',72),(1151,'Heathen Chemistry','Oasis','320','Mp3','Rock',_binary '\0','Reprise','2002','She Is Love','3.16','9',72),(1152,'Heathen Chemistry','Oasis','320','Mp3','Rock',_binary '\0','Reprise','2002','Born on a Different Cloud','6.15','10',72),(1153,'Heathen Chemistry','Oasis','320','Mp3','Rock',_binary '\0','Reprise','2002','Better Man','38.05','11',72),(1154,'Standing on the Shoulder of Giants','Oasis','320','Mp3','Alternative',_binary '\0','Reprise/Big Brother','2000','Fuckin\' in the Bushes','3.31','1',73),(1155,'Standing on the Shoulder of Giants','Oasis','320','Mp3','Alternative',_binary '\0','Reprise/Big Brother','2000','Go Let It Out','4.64','2',73),(1156,'Standing on the Shoulder of Giants','Oasis','320','Mp3','Alternative',_binary '\0','Reprise/Big Brother','2000','Who Feels Love?','5.74','3',73),(1157,'Standing on the Shoulder of Giants','Oasis','320','Mp3','Alternative',_binary '\0','Reprise/Big Brother','2000','Put Yer Money Where Yer Mouth Is','4.45','4',73),(1158,'Standing on the Shoulder of Giants','Oasis','320','Mp3','Alternative',_binary '\0','Reprise/Big Brother','2000','Little James','4.25','5',73),(1159,'Standing on the Shoulder of Giants','Oasis','320','Mp3','Alternative',_binary '\0','Reprise/Big Brother','2000','Gas Panic!','6.14','6',73),(1160,'Standing on the Shoulder of Giants','Oasis','320','Mp3','Alternative',_binary '\0','Reprise/Big Brother','2000','Where Did It All Go Wrong?','4.45','7',73),(1161,'Standing on the Shoulder of Giants','Oasis','320','Mp3','Alternative',_binary '\0','Reprise/Big Brother','2000','Sunday Morning Call','5.21','8',73),(1162,'Standing on the Shoulder of Giants','Oasis','320','Mp3','Alternative',_binary '\0','Reprise/Big Brother','2000','I Can See a Liar','3.22','9',73),(1163,'Standing on the Shoulder of Giants','Oasis','320','Mp3','Alternative',_binary '\0','Reprise/Big Brother','2000','Roll It Over','6.52','10',73),(1164,'What\'s the Story Morning Glory','Oasis','320','Mp3','Rock',_binary '\0','Reprise/WEA','1995','Hello','3.38','1',77),(1165,'What\'s the Story Morning Glory','Oasis','320','Mp3','Rock',_binary '\0','Reprise/WEA','1995','Roll with It','4.00','2',77),(1166,'What\'s the Story Morning Glory','Oasis','320','Mp3','Rock',_binary '\0','Reprise/WEA','1995','Wonderwall','4.31','3',77),(1167,'What\'s the Story Morning Glory','Oasis','320','Mp3','Rock',_binary '\0','Reprise/WEA','1995','Don\'t Look Back in Anger','4.80','4',77),(1168,'What\'s the Story Morning Glory','Oasis','320','Mp3','Rock',_binary '\0','Reprise/WEA','1995','Hey Now!','5.69','5',77),(1169,'What\'s the Story Morning Glory','Oasis','320','Mp3','Rock',_binary '\0','Reprise/WEA','1995','Bonehead’s Bank Holiday','0.74','6',77),(1170,'What\'s the Story Morning Glory','Oasis','320','Mp3','Rock',_binary '\0','Reprise/WEA','1995','Some Might Say','5.48','7',77),(1171,'What\'s the Story Morning Glory','Oasis','320','Mp3','Rock',_binary '\0','Reprise/WEA','1995','Cast No Shadow','4.86','8',77),(1172,'What\'s the Story Morning Glory','Oasis','320','Mp3','Rock',_binary '\0','Reprise/WEA','1995','She\'s Electric','3.68','9',77),(1173,'What\'s the Story Morning Glory','Oasis','320','Mp3','Rock',_binary '\0','Reprise/WEA','1995','Morning Glory','5.06','10',77),(1174,'What\'s the Story Morning Glory','Oasis','320','Mp3','Rock',_binary '\0','Reprise/WEA','1995','Champagne Supernova','7.51','11',77);
/*!40000 ALTER TABLE `track` ENABLE KEYS */;
UNLOCK TABLES;
/*!40103 SET TIME_ZONE=@OLD_TIME_ZONE */;

/*!40101 SET SQL_MODE=@OLD_SQL_MODE */;
/*!40014 SET FOREIGN_KEY_CHECKS=@OLD_FOREIGN_KEY_CHECKS */;
/*!40014 SET UNIQUE_CHECKS=@OLD_UNIQUE_CHECKS */;
/*!40101 SET CHARACTER_SET_CLIENT=@OLD_CHARACTER_SET_CLIENT */;
/*!40101 SET CHARACTER_SET_RESULTS=@OLD_CHARACTER_SET_RESULTS */;
/*!40101 SET COLLATION_CONNECTION=@OLD_COLLATION_CONNECTION */;
/*!40111 SET SQL_NOTES=@OLD_SQL_NOTES */;

-- Dump completed on 2024-04-05 11:14:22
